objectPath,objectName,objectType,id
/Explore/IPST,MappingTask_KeyPair,MTT,0FbORWSjXnTgE27vR9jYCA
/Explore/IPST,MappingTask_Snowflake1_with_ip _agg,MTT,dt3tsLRnbKWfKoZgBmKAUu
/Explore/IPST,MappingTask_Snowflake1_with_s3_seq_sf,MTT,hakzY8CitMXhwEqDro9xYI
/Explore/IPST,MappingTask_Snowflake1_SharedSequence_Gen - TargetOverwrite,MTT,9adIdekQ6B6icLUkd8JxGB
/Explore/IPST,MCT_Snowflake_To_Snowflake_Seq_Gen_Insert_Max_IncBy_NoReset,MTT,3P2QxEPQoEYcDF46c2dfyD
/SYS,amazon s3,Connection,5EBdVTlDq0oh5ZVXxvD8e1
/Explore/IPST,MappingTask_Snowflake1_with_lookup,MTT,fKsQY6HzIaDiHqTH96RnW2
/Explore/IPST,Mapping_gcs_Sq_SF,DTEMPLATE,0rNbTrKj6KFdBEdjLFpUS4
/Explore/IPST,MappingTask_Snowflake1_SharedSequence_Gen - MultiSeq_MultiTarget,MTT,0Cqycdnj8k3eTLjSk3tLA0
/Explore/IPST,mct_Joiner_aggregator_Seq_Tran,MTT,7cDSZlPP0QUdj8mDeKiO2h
/Explore/PDO_Snowflake_Sequence_Generator,SharedSequenceGenerator,SequenceGenerator,aOV7b6Dp2vPcWPCTdVAvwq
/Explore,IPST,Project,aRIOILV6mXkiYRjWGz5pWp
/SYS,snowflake_saroy,Connection,lF60SIzK1oUcwm7cGFofMN
/Explore/IPST,m_Snowflake_To_Snowflake_Seq_Gen_Insert_Mult_Seq_SameTgt,DTEMPLATE,72sLBjJFDi5fieCg9NgPsT
/Explore/IPST,Mapping_Key_pair,DTEMPLATE,6dj7c18EN1ahpYj0NGNyS0
/Explore/IPST,Mapping_S3_Sq_SF,DTEMPLATE,2X58xeq20NLkEByghndSu3
/Explore/IPST,m_Snowflake_To_Snowflake_Seq_Gen_Insert_Cycle_Enabled_NoReset,DTEMPLATE,6fdfcSvGc62jT8L2zQAuWw
/Explore/IPST,MappingTask_Snowflake1_with_ip,MTT,3Z9kpB8QJ4rfIAQVA9ErI7
/Explore/IPST,m_Snowflake_To_Snowflake_Seq_Gen_NoReset_KeyPair_Auth,DTEMPLATE,0IUwC3oFOZmfWM519QvIYE
/Explore,PDO_Snowflake_Sequence_Generator,Project,4vb46zFOEoMczJCI6iK1S0
/Explore/IPST,m_Snowflake_To_Snowflake_SharedSequence_Gen,DTEMPLATE,bOCsTv2vwUakFC1mcUlXia
/Explore/IPST,MappingTask_Snowflake1_SharedSequence_Gen - Insert_Mult_Seq_SameTgt,MTT,2Gp9L4VWioAlyHwnAX0gMP
/SYS,INubuntu02,AgentGroup,elh4Da1PvemhG6QnY0sFkf
/Explore/IPST,MCT_Snowflake_To_Snowflake_Seq_Gen_Insert_Cycle_Enabled_NoReset,MTT,0LMIwyzdU2cc3HIFhPC9Cq
/SYS,Snowflake_KeyPair_Authentication,Connection,5Fu28bI4cJFgRg75MvKbs2
/Explore/IPST,m_Snowflake_To_Snowflake_Seq_Gen_Insert_Cycle_Enabled_Reset,DTEMPLATE,2NbzOcHrAW5cY7LWHv1cgI
/Explore/IPST,MappingTask_Snowflake1_Comon,MTT,5QwGfYsV0GcdsK0MTo8bQM
/Explore/IPST,MCT_Snowflake_To_Snowflake_Seq_Gen_Insert_Cycle_Enabled_Reset,MTT,2xUyHXiBMKQlHPpChLzAID
/Explore/IPST,snowFlake_MapNxtVal_To_X,DTEMPLATE,6YAkzrzX4xJdy4wL63dtev
/Explore/IPST,snowFlake_with_ip_lookup - Copy 1,DTEMPLATE,1OUoyhoQjiGbfVnrVpy4ef
/Explore/IPST,snowFlake_with_ip_agregator,DTEMPLATE,6xujgLm5b8WbOPkUPKAK0R
/Explore/IPST,m_Filter_Joiner_aggregator_Seq_Tran,DTEMPLATE,bsgJg8nUdkyh9AGgr8Aham
/Explore/IPST,MappingTask_Snowflake1_with_s3_seq_sf - Copy 1,MTT,aB2Jqi5Lwccd4x6u00xuws
/Explore/IPST,snowFlake_with_ip -Filter,DTEMPLATE,0p6d0rI8MkAcpe82DG8gwd
/Explore/IPST,m_Snowflake_To_Snowflake_Seq_Gen_Insert_Mult_Seq_MultTargets,DTEMPLATE,5QNb88oHePncK0wAU2eMCr
/Explore/IPST,m_Snowflake_To_Snowflake_Seq_Gen_Insert_Max_IncBy_Noreset,DTEMPLATE,d7a45cukPkpfmSMtLMazew
/Explore/IPST,MappingTask_Snowflake1_with_lookup - Copy 1,MTT,282cUmvwfDSdvxNOO6mna6
/SYS,Snowflake_Target_Connection,Connection,2rrG8vUDlMihiBsZebASag
/Explore/IPST,MappingTask_Snowflake1_with_dataTypes,MTT,5btkNuvdekHg0jRVW3Y3mt
/Explore/IPST,MappingTask_Snowflake1_with_Filter,MTT,a0em3AGPQT7dobfxi4R4gM
/Explore/IPST,snowFlake_with_ip_lookup,DTEMPLATE,aNqgNenyLocdGnRCeSmk0B
/Explore/IPST,MappingTask_Snowflake1_with_Joiner,MTT,3oEUONM9AZcfwJqRpT5CA5
/Explore/IPST,MappingTask_Snowflake1_SharedSequence_Gen,MTT,7pkiQn4m3rRje0ogQk0S8g
/SYS,gcs,Connection,1U8Xf2FbVT8l4IMB3unhWX
/Explore/IPST,m_Snowflake_To_Snowflake_Seq_Gen_TargetOverwrite,DTEMPLATE,dqWbSMiOPo3iocTibKWJiB
/Explore/IPST,snowFlake_with_ip_joiner,DTEMPLATE,5dO2oS5IPQYeR5iSjr9msT