{
  "name" : "IPST",
  "sourceOrgId" : "2mrqHmo6K4thwSSCFD4YSU",
  "sourceOrgName" : "Infa",
  "exportedObjects" : [ {
    "objectGuid" : "0FbORWSjXnTgE27vR9jYCA",
    "objectName" : "MappingTask_KeyPair",
    "objectType" : "MTT",
    "path" : "/Explore/IPST",
    "metadata" : {
      "modelVersion" : {
        "major" : 0,
        "minor" : 0
      },
      "repoInfo" : {
        "repoHandle" : "010LCL0Z000000000035"
      },
      "objectRefs" : [ "elh4Da1PvemhG6QnY0sFkf", "5Fu28bI4cJFgRg75MvKbs2", "6dj7c18EN1ahpYj0NGNyS0" ],
      "contextAttributes" : [ {
        "name" : "id",
        "value" : "@1"
      } ],
      "additionalInfo" : {
        "description" : "",
        "contentType" : "JSON",
        "documentState" : "VALID"
      }
    }
  }, {
    "objectGuid" : "dt3tsLRnbKWfKoZgBmKAUu",
    "objectName" : "MappingTask_Snowflake1_with_ip _agg",
    "objectType" : "MTT",
    "path" : "/Explore/IPST",
    "metadata" : {
      "modelVersion" : {
        "major" : 0,
        "minor" : 0
      },
      "repoInfo" : {
        "repoHandle" : "010LCL0Z000000000032"
      },
      "objectRefs" : [ "elh4Da1PvemhG6QnY0sFkf", "lF60SIzK1oUcwm7cGFofMN", "6xujgLm5b8WbOPkUPKAK0R" ],
      "contextAttributes" : [ {
        "name" : "id",
        "value" : "@1"
      } ],
      "additionalInfo" : {
        "description" : "",
        "contentType" : "JSON",
        "documentState" : "VALID"
      }
    }
  }, {
    "objectGuid" : "hakzY8CitMXhwEqDro9xYI",
    "objectName" : "MappingTask_Snowflake1_with_s3_seq_sf",
    "objectType" : "MTT",
    "path" : "/Explore/IPST",
    "metadata" : {
      "modelVersion" : {
        "major" : 0,
        "minor" : 0
      },
      "repoInfo" : {
        "repoHandle" : "010LCL0Z000000000037"
      },
      "objectRefs" : [ "elh4Da1PvemhG6QnY0sFkf", "lF60SIzK1oUcwm7cGFofMN", "2X58xeq20NLkEByghndSu3", "5EBdVTlDq0oh5ZVXxvD8e1" ],
      "contextAttributes" : [ {
        "name" : "id",
        "value" : "@1"
      } ],
      "additionalInfo" : {
        "description" : "",
        "contentType" : "JSON",
        "documentState" : "VALID"
      }
    }
  }, {
    "objectGuid" : "9adIdekQ6B6icLUkd8JxGB",
    "objectName" : "MappingTask_Snowflake1_SharedSequence_Gen - TargetOverwrite",
    "objectType" : "MTT",
    "path" : "/Explore/IPST",
    "metadata" : {
      "modelVersion" : {
        "major" : 0,
        "minor" : 0
      },
      "repoInfo" : {
        "repoHandle" : "010LCL0Z00000000002T"
      },
      "objectRefs" : [ "elh4Da1PvemhG6QnY0sFkf", "2rrG8vUDlMihiBsZebASag", "dqWbSMiOPo3iocTibKWJiB" ],
      "contextAttributes" : [ {
        "name" : "id",
        "value" : "@1"
      } ],
      "additionalInfo" : {
        "description" : "",
        "contentType" : "JSON",
        "documentState" : "VALID"
      }
    }
  }, {
    "objectGuid" : "3P2QxEPQoEYcDF46c2dfyD",
    "objectName" : "MCT_Snowflake_To_Snowflake_Seq_Gen_Insert_Max_IncBy_NoReset",
    "objectType" : "MTT",
    "path" : "/Explore/IPST",
    "metadata" : {
      "modelVersion" : {
        "major" : 0,
        "minor" : 0
      },
      "repoInfo" : {
        "repoHandle" : "010LCL0Z00000000002Z"
      },
      "objectRefs" : [ "d7a45cukPkpfmSMtLMazew", "elh4Da1PvemhG6QnY0sFkf", "2rrG8vUDlMihiBsZebASag" ],
      "contextAttributes" : [ {
        "name" : "id",
        "value" : "@1"
      } ],
      "additionalInfo" : {
        "description" : "",
        "contentType" : "JSON",
        "documentState" : "VALID"
      }
    }
  }, {
    "objectGuid" : "5EBdVTlDq0oh5ZVXxvD8e1",
    "objectName" : "amazon s3",
    "objectType" : "Connection",
    "path" : "/SYS",
    "metadata" : {
      "modelVersion" : {
        "major" : 0,
        "minor" : 0
      },
      "repoInfo" : {
        "repoHandle" : "010LCL0B00000000000B"
      },
      "objectRefs" : [ "elh4Da1PvemhG6QnY0sFkf" ],
      "contextAttributes" : [ {
        "name" : "id",
        "value" : "@1"
      } ],
      "additionalInfo" : {
        "description" : null,
        "contentType" : "JSON",
        "documentState" : "COMPLETE"
      }
    }
  }, {
    "objectGuid" : "fKsQY6HzIaDiHqTH96RnW2",
    "objectName" : "MappingTask_Snowflake1_with_lookup",
    "objectType" : "MTT",
    "path" : "/Explore/IPST",
    "metadata" : {
      "modelVersion" : {
        "major" : 0,
        "minor" : 0
      },
      "repoInfo" : {
        "repoHandle" : "010LCL0Z000000000036"
      },
      "objectRefs" : [ "elh4Da1PvemhG6QnY0sFkf", "lF60SIzK1oUcwm7cGFofMN", "aNqgNenyLocdGnRCeSmk0B" ],
      "contextAttributes" : [ {
        "name" : "id",
        "value" : "@1"
      } ],
      "additionalInfo" : {
        "description" : "",
        "contentType" : "JSON",
        "documentState" : "VALID"
      }
    }
  }, {
    "objectGuid" : "0rNbTrKj6KFdBEdjLFpUS4",
    "objectName" : "Mapping_gcs_Sq_SF",
    "objectType" : "DTEMPLATE",
    "path" : "/Explore/IPST",
    "metadata" : {
      "modelVersion" : {
        "major" : 0,
        "minor" : 0
      },
      "repoInfo" : {
        "repoHandle" : "010LCL1700000000003B"
      },
      "objectRefs" : [ "lF60SIzK1oUcwm7cGFofMN", "1U8Xf2FbVT8l4IMB3unhWX" ],
      "contextAttributes" : [ {
        "name" : "id",
        "value" : "@1"
      } ],
      "additionalInfo" : {
        "description" : "",
        "contentType" : "JSON",
        "documentState" : "VALID"
      }
    }
  }, {
    "objectGuid" : "0Cqycdnj8k3eTLjSk3tLA0",
    "objectName" : "MappingTask_Snowflake1_SharedSequence_Gen - MultiSeq_MultiTarget",
    "objectType" : "MTT",
    "path" : "/Explore/IPST",
    "metadata" : {
      "modelVersion" : {
        "major" : 0,
        "minor" : 0
      },
      "repoInfo" : {
        "repoHandle" : "010LCL0Z00000000002U"
      },
      "objectRefs" : [ "elh4Da1PvemhG6QnY0sFkf", "2rrG8vUDlMihiBsZebASag", "5QNb88oHePncK0wAU2eMCr" ],
      "contextAttributes" : [ {
        "name" : "id",
        "value" : "@1"
      } ],
      "additionalInfo" : {
        "description" : "",
        "contentType" : "JSON",
        "documentState" : "VALID"
      }
    }
  }, {
    "objectGuid" : "7cDSZlPP0QUdj8mDeKiO2h",
    "objectName" : "mct_Joiner_aggregator_Seq_Tran",
    "objectType" : "MTT",
    "path" : "/Explore/IPST",
    "metadata" : {
      "modelVersion" : {
        "major" : 0,
        "minor" : 0
      },
      "repoInfo" : {
        "repoHandle" : "010LCL0Z00000000002R"
      },
      "objectRefs" : [ "elh4Da1PvemhG6QnY0sFkf", "2rrG8vUDlMihiBsZebASag", "bsgJg8nUdkyh9AGgr8Aham" ],
      "contextAttributes" : [ {
        "name" : "id",
        "value" : "@1"
      } ],
      "additionalInfo" : {
        "description" : "",
        "contentType" : "JSON",
        "documentState" : "VALID"
      }
    }
  }, {
    "objectGuid" : "aOV7b6Dp2vPcWPCTdVAvwq",
    "objectName" : "SharedSequenceGenerator",
    "objectType" : "SequenceGenerator",
    "path" : "/Explore/PDO_Snowflake_Sequence_Generator",
    "metadata" : {
      "modelVersion" : {
        "major" : 0,
        "minor" : 0
      },
      "repoInfo" : {
        "repoHandle" : "010LCL42000000000003"
      },
      "objectRefs" : [ ],
      "contextAttributes" : [ {
        "name" : "id",
        "value" : "@1"
      } ],
      "additionalInfo" : {
        "description" : "",
        "contentType" : "JSON",
        "documentState" : "VALID"
      }
    }
  }, {
    "objectGuid" : "aRIOILV6mXkiYRjWGz5pWp",
    "objectName" : "IPST",
    "objectType" : "Project",
    "path" : "/Explore",
    "metadata" : {
      "modelVersion" : {
        "major" : 0,
        "minor" : 0
      },
      "repoInfo" : null,
      "objectRefs" : [ ],
      "contextAttributes" : [ ],
      "additionalInfo" : {
        "description" : "",
        "contentType" : "Binary",
        "documentState" : "COMPLETE"
      }
    }
  }, {
    "objectGuid" : "lF60SIzK1oUcwm7cGFofMN",
    "objectName" : "snowflake_saroy",
    "objectType" : "Connection",
    "path" : "/SYS",
    "metadata" : {
      "modelVersion" : {
        "major" : 0,
        "minor" : 0
      },
      "repoInfo" : {
        "repoHandle" : "010LCL0B000000000007"
      },
      "objectRefs" : [ "elh4Da1PvemhG6QnY0sFkf" ],
      "contextAttributes" : [ {
        "name" : "id",
        "value" : "@1"
      } ],
      "additionalInfo" : {
        "description" : null,
        "contentType" : "JSON",
        "documentState" : "COMPLETE"
      }
    }
  }, {
    "objectGuid" : "72sLBjJFDi5fieCg9NgPsT",
    "objectName" : "m_Snowflake_To_Snowflake_Seq_Gen_Insert_Mult_Seq_SameTgt",
    "objectType" : "DTEMPLATE",
    "path" : "/Explore/IPST",
    "metadata" : {
      "modelVersion" : {
        "major" : 0,
        "minor" : 0
      },
      "repoInfo" : {
        "repoHandle" : "010LCL1700000000002Z"
      },
      "objectRefs" : [ "2rrG8vUDlMihiBsZebASag" ],
      "contextAttributes" : [ {
        "name" : "id",
        "value" : "@1"
      } ],
      "additionalInfo" : {
        "description" : "",
        "contentType" : "JSON",
        "documentState" : "VALID"
      }
    }
  }, {
    "objectGuid" : "6dj7c18EN1ahpYj0NGNyS0",
    "objectName" : "Mapping_Key_pair",
    "objectType" : "DTEMPLATE",
    "path" : "/Explore/IPST",
    "metadata" : {
      "modelVersion" : {
        "major" : 0,
        "minor" : 0
      },
      "repoInfo" : {
        "repoHandle" : "010LCL17000000000039"
      },
      "objectRefs" : [ "5Fu28bI4cJFgRg75MvKbs2" ],
      "contextAttributes" : [ {
        "name" : "id",
        "value" : "@1"
      } ],
      "additionalInfo" : {
        "description" : "",
        "contentType" : "JSON",
        "documentState" : "VALID"
      }
    }
  }, {
    "objectGuid" : "2X58xeq20NLkEByghndSu3",
    "objectName" : "Mapping_S3_Sq_SF",
    "objectType" : "DTEMPLATE",
    "path" : "/Explore/IPST",
    "metadata" : {
      "modelVersion" : {
        "major" : 0,
        "minor" : 0
      },
      "repoInfo" : {
        "repoHandle" : "010LCL1700000000003A"
      },
      "objectRefs" : [ "lF60SIzK1oUcwm7cGFofMN", "5EBdVTlDq0oh5ZVXxvD8e1" ],
      "contextAttributes" : [ {
        "name" : "id",
        "value" : "@1"
      } ],
      "additionalInfo" : {
        "description" : "",
        "contentType" : "JSON",
        "documentState" : "VALID"
      }
    }
  }, {
    "objectGuid" : "6fdfcSvGc62jT8L2zQAuWw",
    "objectName" : "m_Snowflake_To_Snowflake_Seq_Gen_Insert_Cycle_Enabled_NoReset",
    "objectType" : "DTEMPLATE",
    "path" : "/Explore/IPST",
    "metadata" : {
      "modelVersion" : {
        "major" : 0,
        "minor" : 0
      },
      "repoInfo" : {
        "repoHandle" : "010LCL17000000000035"
      },
      "objectRefs" : [ "2rrG8vUDlMihiBsZebASag" ],
      "contextAttributes" : [ {
        "name" : "id",
        "value" : "@1"
      } ],
      "additionalInfo" : {
        "description" : "",
        "contentType" : null,
        "documentState" : "VALID"
      }
    }
  }, {
    "objectGuid" : "3Z9kpB8QJ4rfIAQVA9ErI7",
    "objectName" : "MappingTask_Snowflake1_with_ip",
    "objectType" : "MTT",
    "path" : "/Explore/IPST",
    "metadata" : {
      "modelVersion" : {
        "major" : 0,
        "minor" : 0
      },
      "repoInfo" : {
        "repoHandle" : "010LCL0Z00000000002P"
      },
      "objectRefs" : [ "elh4Da1PvemhG6QnY0sFkf", "lF60SIzK1oUcwm7cGFofMN", "5dO2oS5IPQYeR5iSjr9msT" ],
      "contextAttributes" : [ {
        "name" : "id",
        "value" : "@1"
      } ],
      "additionalInfo" : {
        "description" : "",
        "contentType" : "JSON",
        "documentState" : "VALID"
      }
    }
  }, {
    "objectGuid" : "0IUwC3oFOZmfWM519QvIYE",
    "objectName" : "m_Snowflake_To_Snowflake_Seq_Gen_NoReset_KeyPair_Auth",
    "objectType" : "DTEMPLATE",
    "path" : "/Explore/IPST",
    "metadata" : {
      "modelVersion" : {
        "major" : 0,
        "minor" : 0
      },
      "repoInfo" : {
        "repoHandle" : "010LCL17000000000031"
      },
      "objectRefs" : [ "lF60SIzK1oUcwm7cGFofMN", "5Fu28bI4cJFgRg75MvKbs2" ],
      "contextAttributes" : [ {
        "name" : "id",
        "value" : "@1"
      } ],
      "additionalInfo" : {
        "description" : "",
        "contentType" : "JSON",
        "documentState" : "VALID"
      }
    }
  }, {
    "objectGuid" : "4vb46zFOEoMczJCI6iK1S0",
    "objectName" : "PDO_Snowflake_Sequence_Generator",
    "objectType" : "Project",
    "path" : "/Explore",
    "metadata" : {
      "modelVersion" : {
        "major" : 0,
        "minor" : 0
      },
      "repoInfo" : null,
      "objectRefs" : [ ],
      "contextAttributes" : [ ],
      "additionalInfo" : {
        "description" : "",
        "contentType" : "Binary",
        "documentState" : "COMPLETE"
      }
    }
  }, {
    "objectGuid" : "bOCsTv2vwUakFC1mcUlXia",
    "objectName" : "m_Snowflake_To_Snowflake_SharedSequence_Gen",
    "objectType" : "DTEMPLATE",
    "path" : "/Explore/IPST",
    "metadata" : {
      "modelVersion" : {
        "major" : 0,
        "minor" : 0
      },
      "repoInfo" : {
        "repoHandle" : "010LCL1700000000002X"
      },
      "objectRefs" : [ "aOV7b6Dp2vPcWPCTdVAvwq", "2rrG8vUDlMihiBsZebASag" ],
      "contextAttributes" : [ {
        "name" : "id",
        "value" : "@1"
      } ],
      "additionalInfo" : {
        "description" : "",
        "contentType" : "JSON",
        "documentState" : "VALID"
      }
    }
  }, {
    "objectGuid" : "2Gp9L4VWioAlyHwnAX0gMP",
    "objectName" : "MappingTask_Snowflake1_SharedSequence_Gen - Insert_Mult_Seq_SameTgt",
    "objectType" : "MTT",
    "path" : "/Explore/IPST",
    "metadata" : {
      "modelVersion" : {
        "major" : 0,
        "minor" : 0
      },
      "repoInfo" : {
        "repoHandle" : "010LCL0Z00000000002V"
      },
      "objectRefs" : [ "elh4Da1PvemhG6QnY0sFkf", "2rrG8vUDlMihiBsZebASag", "72sLBjJFDi5fieCg9NgPsT" ],
      "contextAttributes" : [ {
        "name" : "id",
        "value" : "@1"
      } ],
      "additionalInfo" : {
        "description" : "",
        "contentType" : "JSON",
        "documentState" : "VALID"
      }
    }
  }, {
    "objectGuid" : "elh4Da1PvemhG6QnY0sFkf",
    "objectName" : "INubuntu02",
    "objectType" : "AgentGroup",
    "path" : "/SYS",
    "metadata" : {
      "modelVersion" : {
        "major" : 0,
        "minor" : 0
      },
      "repoInfo" : {
        "repoHandle" : "010LCL25000000000002"
      },
      "objectRefs" : [ ],
      "contextAttributes" : [ {
        "name" : "id",
        "value" : "@1"
      } ],
      "additionalInfo" : {
        "description" : null,
        "contentType" : "JSON",
        "documentState" : "VALID"
      }
    }
  }, {
    "objectGuid" : "0LMIwyzdU2cc3HIFhPC9Cq",
    "objectName" : "MCT_Snowflake_To_Snowflake_Seq_Gen_Insert_Cycle_Enabled_NoReset",
    "objectType" : "MTT",
    "path" : "/Explore/IPST",
    "metadata" : {
      "modelVersion" : {
        "major" : 0,
        "minor" : 0
      },
      "repoInfo" : {
        "repoHandle" : "010LCL0Z000000000030"
      },
      "objectRefs" : [ "elh4Da1PvemhG6QnY0sFkf", "2rrG8vUDlMihiBsZebASag", "6fdfcSvGc62jT8L2zQAuWw" ],
      "contextAttributes" : [ {
        "name" : "id",
        "value" : "@1"
      } ],
      "additionalInfo" : {
        "description" : "",
        "contentType" : null,
        "documentState" : "VALID"
      }
    }
  }, {
    "objectGuid" : "5Fu28bI4cJFgRg75MvKbs2",
    "objectName" : "Snowflake_KeyPair_Authentication",
    "objectType" : "Connection",
    "path" : "/SYS",
    "metadata" : {
      "modelVersion" : {
        "major" : 0,
        "minor" : 0
      },
      "repoInfo" : {
        "repoHandle" : "010LCL0B000000000004"
      },
      "objectRefs" : [ "elh4Da1PvemhG6QnY0sFkf" ],
      "contextAttributes" : [ {
        "name" : "id",
        "value" : "@1"
      } ],
      "additionalInfo" : {
        "description" : null,
        "contentType" : "JSON",
        "documentState" : "COMPLETE"
      }
    }
  }, {
    "objectGuid" : "2NbzOcHrAW5cY7LWHv1cgI",
    "objectName" : "m_Snowflake_To_Snowflake_Seq_Gen_Insert_Cycle_Enabled_Reset",
    "objectType" : "DTEMPLATE",
    "path" : "/Explore/IPST",
    "metadata" : {
      "modelVersion" : {
        "major" : 0,
        "minor" : 0
      },
      "repoInfo" : {
        "repoHandle" : "010LCL17000000000033"
      },
      "objectRefs" : [ "2rrG8vUDlMihiBsZebASag" ],
      "contextAttributes" : [ {
        "name" : "id",
        "value" : "@1"
      } ],
      "additionalInfo" : {
        "description" : "",
        "contentType" : null,
        "documentState" : "VALID"
      }
    }
  }, {
    "objectGuid" : "5QwGfYsV0GcdsK0MTo8bQM",
    "objectName" : "MappingTask_Snowflake1_Comon",
    "objectType" : "MTT",
    "path" : "/Explore/IPST",
    "metadata" : {
      "modelVersion" : {
        "major" : 0,
        "minor" : 0
      },
      "repoInfo" : {
        "repoHandle" : "010LCL0Z00000000002W"
      },
      "objectRefs" : [ "elh4Da1PvemhG6QnY0sFkf", "lF60SIzK1oUcwm7cGFofMN", "5Fu28bI4cJFgRg75MvKbs2", "0IUwC3oFOZmfWM519QvIYE" ],
      "contextAttributes" : [ {
        "name" : "id",
        "value" : "@1"
      } ],
      "additionalInfo" : {
        "description" : "",
        "contentType" : "JSON",
        "documentState" : "VALID"
      }
    }
  }, {
    "objectGuid" : "2xUyHXiBMKQlHPpChLzAID",
    "objectName" : "MCT_Snowflake_To_Snowflake_Seq_Gen_Insert_Cycle_Enabled_Reset",
    "objectType" : "MTT",
    "path" : "/Explore/IPST",
    "metadata" : {
      "modelVersion" : {
        "major" : 0,
        "minor" : 0
      },
      "repoInfo" : {
        "repoHandle" : "010LCL0Z00000000002Y"
      },
      "objectRefs" : [ "elh4Da1PvemhG6QnY0sFkf", "2rrG8vUDlMihiBsZebASag", "2NbzOcHrAW5cY7LWHv1cgI" ],
      "contextAttributes" : [ {
        "name" : "id",
        "value" : "@1"
      } ],
      "additionalInfo" : {
        "description" : "",
        "contentType" : null,
        "documentState" : "VALID"
      }
    }
  }, {
    "objectGuid" : "6YAkzrzX4xJdy4wL63dtev",
    "objectName" : "snowFlake_MapNxtVal_To_X",
    "objectType" : "DTEMPLATE",
    "path" : "/Explore/IPST",
    "metadata" : {
      "modelVersion" : {
        "major" : 0,
        "minor" : 0
      },
      "repoInfo" : {
        "repoHandle" : "010LCL17000000000032"
      },
      "objectRefs" : [ "lF60SIzK1oUcwm7cGFofMN" ],
      "contextAttributes" : [ {
        "name" : "id",
        "value" : "@1"
      } ],
      "additionalInfo" : {
        "description" : "",
        "contentType" : "JSON",
        "documentState" : "VALID"
      }
    }
  }, {
    "objectGuid" : "1OUoyhoQjiGbfVnrVpy4ef",
    "objectName" : "snowFlake_with_ip_lookup - Copy 1",
    "objectType" : "DTEMPLATE",
    "path" : "/Explore/IPST",
    "metadata" : {
      "modelVersion" : {
        "major" : 0,
        "minor" : 0
      },
      "repoInfo" : {
        "repoHandle" : "010LCL1700000000003C"
      },
      "objectRefs" : [ "lF60SIzK1oUcwm7cGFofMN" ],
      "contextAttributes" : [ {
        "name" : "id",
        "value" : "@1"
      } ],
      "additionalInfo" : {
        "description" : "",
        "contentType" : "JSON",
        "documentState" : "VALID"
      }
    }
  }, {
    "objectGuid" : "6xujgLm5b8WbOPkUPKAK0R",
    "objectName" : "snowFlake_with_ip_agregator",
    "objectType" : "DTEMPLATE",
    "path" : "/Explore/IPST",
    "metadata" : {
      "modelVersion" : {
        "major" : 0,
        "minor" : 0
      },
      "repoInfo" : {
        "repoHandle" : "010LCL17000000000037"
      },
      "objectRefs" : [ "lF60SIzK1oUcwm7cGFofMN" ],
      "contextAttributes" : [ {
        "name" : "id",
        "value" : "@1"
      } ],
      "additionalInfo" : {
        "description" : "",
        "contentType" : "JSON",
        "documentState" : "VALID"
      }
    }
  }, {
    "objectGuid" : "bsgJg8nUdkyh9AGgr8Aham",
    "objectName" : "m_Filter_Joiner_aggregator_Seq_Tran",
    "objectType" : "DTEMPLATE",
    "path" : "/Explore/IPST",
    "metadata" : {
      "modelVersion" : {
        "major" : 0,
        "minor" : 0
      },
      "repoInfo" : {
        "repoHandle" : "010LCL1700000000002W"
      },
      "objectRefs" : [ "2rrG8vUDlMihiBsZebASag" ],
      "contextAttributes" : [ {
        "name" : "id",
        "value" : "@1"
      } ],
      "additionalInfo" : {
        "description" : "",
        "contentType" : "JSON",
        "documentState" : "VALID"
      }
    }
  }, {
    "objectGuid" : "aB2Jqi5Lwccd4x6u00xuws",
    "objectName" : "MappingTask_Snowflake1_with_s3_seq_sf - Copy 1",
    "objectType" : "MTT",
    "path" : "/Explore/IPST",
    "metadata" : {
      "modelVersion" : {
        "major" : 0,
        "minor" : 0
      },
      "repoInfo" : {
        "repoHandle" : "010LCL0Z000000000038"
      },
      "objectRefs" : [ "elh4Da1PvemhG6QnY0sFkf", "lF60SIzK1oUcwm7cGFofMN", "1U8Xf2FbVT8l4IMB3unhWX", "0rNbTrKj6KFdBEdjLFpUS4" ],
      "contextAttributes" : [ {
        "name" : "id",
        "value" : "@1"
      } ],
      "additionalInfo" : {
        "description" : "",
        "contentType" : "JSON",
        "documentState" : "VALID"
      }
    }
  }, {
    "objectGuid" : "0p6d0rI8MkAcpe82DG8gwd",
    "objectName" : "snowFlake_with_ip -Filter",
    "objectType" : "DTEMPLATE",
    "path" : "/Explore/IPST",
    "metadata" : {
      "modelVersion" : {
        "major" : 0,
        "minor" : 0
      },
      "repoInfo" : {
        "repoHandle" : "010LCL17000000000036"
      },
      "objectRefs" : [ "lF60SIzK1oUcwm7cGFofMN" ],
      "contextAttributes" : [ {
        "name" : "id",
        "value" : "@1"
      } ],
      "additionalInfo" : {
        "description" : "",
        "contentType" : "JSON",
        "documentState" : "VALID"
      }
    }
  }, {
    "objectGuid" : "5QNb88oHePncK0wAU2eMCr",
    "objectName" : "m_Snowflake_To_Snowflake_Seq_Gen_Insert_Mult_Seq_MultTargets",
    "objectType" : "DTEMPLATE",
    "path" : "/Explore/IPST",
    "metadata" : {
      "modelVersion" : {
        "major" : 0,
        "minor" : 0
      },
      "repoInfo" : {
        "repoHandle" : "010LCL17000000000030"
      },
      "objectRefs" : [ "2rrG8vUDlMihiBsZebASag" ],
      "contextAttributes" : [ {
        "name" : "id",
        "value" : "@1"
      } ],
      "additionalInfo" : {
        "description" : "",
        "contentType" : "JSON",
        "documentState" : "VALID"
      }
    }
  }, {
    "objectGuid" : "d7a45cukPkpfmSMtLMazew",
    "objectName" : "m_Snowflake_To_Snowflake_Seq_Gen_Insert_Max_IncBy_Noreset",
    "objectType" : "DTEMPLATE",
    "path" : "/Explore/IPST",
    "metadata" : {
      "modelVersion" : {
        "major" : 0,
        "minor" : 0
      },
      "repoInfo" : {
        "repoHandle" : "010LCL17000000000034"
      },
      "objectRefs" : [ "2rrG8vUDlMihiBsZebASag" ],
      "contextAttributes" : [ {
        "name" : "id",
        "value" : "@1"
      } ],
      "additionalInfo" : {
        "description" : "",
        "contentType" : "JSON",
        "documentState" : "VALID"
      }
    }
  }, {
    "objectGuid" : "282cUmvwfDSdvxNOO6mna6",
    "objectName" : "MappingTask_Snowflake1_with_lookup - Copy 1",
    "objectType" : "MTT",
    "path" : "/Explore/IPST",
    "metadata" : {
      "modelVersion" : {
        "major" : 0,
        "minor" : 0
      },
      "repoInfo" : {
        "repoHandle" : "010LCL0Z000000000039"
      },
      "objectRefs" : [ "elh4Da1PvemhG6QnY0sFkf", "lF60SIzK1oUcwm7cGFofMN", "1OUoyhoQjiGbfVnrVpy4ef" ],
      "contextAttributes" : [ {
        "name" : "id",
        "value" : "@1"
      } ],
      "additionalInfo" : {
        "description" : "",
        "contentType" : "JSON",
        "documentState" : "VALID"
      }
    }
  }, {
    "objectGuid" : "2rrG8vUDlMihiBsZebASag",
    "objectName" : "Snowflake_Target_Connection",
    "objectType" : "Connection",
    "path" : "/SYS",
    "metadata" : {
      "modelVersion" : {
        "major" : 0,
        "minor" : 0
      },
      "repoInfo" : {
        "repoHandle" : "010LCL0B000000000003"
      },
      "objectRefs" : [ "elh4Da1PvemhG6QnY0sFkf" ],
      "contextAttributes" : [ {
        "name" : "id",
        "value" : "@1"
      } ],
      "additionalInfo" : {
        "description" : null,
        "contentType" : "JSON",
        "documentState" : "COMPLETE"
      }
    }
  }, {
    "objectGuid" : "5btkNuvdekHg0jRVW3Y3mt",
    "objectName" : "MappingTask_Snowflake1_with_dataTypes",
    "objectType" : "MTT",
    "path" : "/Explore/IPST",
    "metadata" : {
      "modelVersion" : {
        "major" : 0,
        "minor" : 0
      },
      "repoInfo" : {
        "repoHandle" : "010LCL0Z00000000002X"
      },
      "objectRefs" : [ "elh4Da1PvemhG6QnY0sFkf", "lF60SIzK1oUcwm7cGFofMN", "6YAkzrzX4xJdy4wL63dtev" ],
      "contextAttributes" : [ {
        "name" : "id",
        "value" : "@1"
      } ],
      "additionalInfo" : {
        "description" : "",
        "contentType" : "JSON",
        "documentState" : "VALID"
      }
    }
  }, {
    "objectGuid" : "a0em3AGPQT7dobfxi4R4gM",
    "objectName" : "MappingTask_Snowflake1_with_Filter",
    "objectType" : "MTT",
    "path" : "/Explore/IPST",
    "metadata" : {
      "modelVersion" : {
        "major" : 0,
        "minor" : 0
      },
      "repoInfo" : {
        "repoHandle" : "010LCL0Z000000000033"
      },
      "objectRefs" : [ "elh4Da1PvemhG6QnY0sFkf", "lF60SIzK1oUcwm7cGFofMN", "0p6d0rI8MkAcpe82DG8gwd" ],
      "contextAttributes" : [ {
        "name" : "id",
        "value" : "@1"
      } ],
      "additionalInfo" : {
        "description" : "",
        "contentType" : "JSON",
        "documentState" : "VALID"
      }
    }
  }, {
    "objectGuid" : "aNqgNenyLocdGnRCeSmk0B",
    "objectName" : "snowFlake_with_ip_lookup",
    "objectType" : "DTEMPLATE",
    "path" : "/Explore/IPST",
    "metadata" : {
      "modelVersion" : {
        "major" : 0,
        "minor" : 0
      },
      "repoInfo" : {
        "repoHandle" : "010LCL17000000000038"
      },
      "objectRefs" : [ "lF60SIzK1oUcwm7cGFofMN" ],
      "contextAttributes" : [ {
        "name" : "id",
        "value" : "@1"
      } ],
      "additionalInfo" : {
        "description" : "",
        "contentType" : "JSON",
        "documentState" : "VALID"
      }
    }
  }, {
    "objectGuid" : "3oEUONM9AZcfwJqRpT5CA5",
    "objectName" : "MappingTask_Snowflake1_with_Joiner",
    "objectType" : "MTT",
    "path" : "/Explore/IPST",
    "metadata" : {
      "modelVersion" : {
        "major" : 0,
        "minor" : 0
      },
      "repoInfo" : {
        "repoHandle" : "010LCL0Z000000000034"
      },
      "objectRefs" : [ "elh4Da1PvemhG6QnY0sFkf", "lF60SIzK1oUcwm7cGFofMN", "5dO2oS5IPQYeR5iSjr9msT" ],
      "contextAttributes" : [ {
        "name" : "id",
        "value" : "@1"
      } ],
      "additionalInfo" : {
        "description" : "",
        "contentType" : "JSON",
        "documentState" : "VALID"
      }
    }
  }, {
    "objectGuid" : "7pkiQn4m3rRje0ogQk0S8g",
    "objectName" : "MappingTask_Snowflake1_SharedSequence_Gen",
    "objectType" : "MTT",
    "path" : "/Explore/IPST",
    "metadata" : {
      "modelVersion" : {
        "major" : 0,
        "minor" : 0
      },
      "repoInfo" : {
        "repoHandle" : "010LCL0Z00000000002S"
      },
      "objectRefs" : [ "elh4Da1PvemhG6QnY0sFkf", "aOV7b6Dp2vPcWPCTdVAvwq", "2rrG8vUDlMihiBsZebASag", "bOCsTv2vwUakFC1mcUlXia" ],
      "contextAttributes" : [ {
        "name" : "id",
        "value" : "@1"
      } ],
      "additionalInfo" : {
        "description" : "",
        "contentType" : "JSON",
        "documentState" : "VALID"
      }
    }
  }, {
    "objectGuid" : "1U8Xf2FbVT8l4IMB3unhWX",
    "objectName" : "gcs",
    "objectType" : "Connection",
    "path" : "/SYS",
    "metadata" : {
      "modelVersion" : {
        "major" : 0,
        "minor" : 0
      },
      "repoInfo" : {
        "repoHandle" : "010LCL0B00000000000C"
      },
      "objectRefs" : [ "elh4Da1PvemhG6QnY0sFkf" ],
      "contextAttributes" : [ {
        "name" : "id",
        "value" : "@1"
      } ],
      "additionalInfo" : {
        "description" : null,
        "contentType" : "JSON",
        "documentState" : "COMPLETE"
      }
    }
  }, {
    "objectGuid" : "dqWbSMiOPo3iocTibKWJiB",
    "objectName" : "m_Snowflake_To_Snowflake_Seq_Gen_TargetOverwrite",
    "objectType" : "DTEMPLATE",
    "path" : "/Explore/IPST",
    "metadata" : {
      "modelVersion" : {
        "major" : 0,
        "minor" : 0
      },
      "repoInfo" : {
        "repoHandle" : "010LCL1700000000002Y"
      },
      "objectRefs" : [ "2rrG8vUDlMihiBsZebASag" ],
      "contextAttributes" : [ {
        "name" : "id",
        "value" : "@1"
      } ],
      "additionalInfo" : {
        "description" : "",
        "contentType" : "JSON",
        "documentState" : "VALID"
      }
    }
  }, {
    "objectGuid" : "5dO2oS5IPQYeR5iSjr9msT",
    "objectName" : "snowFlake_with_ip_joiner",
    "objectType" : "DTEMPLATE",
    "path" : "/Explore/IPST",
    "metadata" : {
      "modelVersion" : {
        "major" : 0,
        "minor" : 0
      },
      "repoInfo" : {
        "repoHandle" : "010LCL1700000000002U"
      },
      "objectRefs" : [ "lF60SIzK1oUcwm7cGFofMN" ],
      "contextAttributes" : [ {
        "name" : "id",
        "value" : "@1"
      } ],
      "additionalInfo" : {
        "description" : "",
        "contentType" : "JSON",
        "documentState" : "VALID"
      }
    }
  } ]
}