objectPath,objectName,objectType,id
/Explore/Target_Operations/orc,s3_exp_SF_Upsert_empty_tableorc,MTT,a7RPTGA5OaAlLAzjjKD6Ut
/Explore/Target_Operations,mct_Joiner_aggregator_Seq_Tran,MTT,7yHOHXvZkqCgQUPbF1UNmD
/Explore/Target_Operations/misc,multiPipeLine_S3_exp_SF_CSV,DTEMPLATE,3ifQJUVlzCteMVXV143fCx
/Explore/Target_Operations,snowFlake_with_ip_lookup - Copy 1,DTEMPLATE,4IqOvIHmhczfDoaNk7aYSj
/Explore/Default,SharedSequenceGenerator,SequenceGenerator,aP4VD8psQ42eD06unIneIk
/SYS,snowflake_saroy,Connection,9yTRduPIxmdbSiINpdVFib
/Explore/Target_Operations/avro,S3_insert_SF_avro,MTT,dqAEGZSBasQgUVuj1d9I24
/Explore/Target_Operations/PDO_Advance,cmd_DataLake_DW_4,DTEMPLATE,6SqyPUcPD51i9Dk5yEdlUY
/Explore/Target_Operations/orc,s3_SF_delete_orc,DTEMPLATE,1PzNgmHV6ydjOerQPyTEeT
/Explore/Target_Operations,MappingTask_Snowflake1_with_dataTypes,MTT,kIiHJlop442c3Simy0bh4i
/Explore/Target_Operations,MappingTask_Snowflake1_with_lookup - Copy 1,MTT,ezgHGEbtPeUe6VSqTEo8OR
/Explore/Target_Operations,MappingTask_Snowflake1_with_ip,MTT,7Wh0Jxhw9oZcvlqO1ebHmO
/Explore/Target_Operations/misc,multiPipeLine_S3_exp_SF_CSV,MTT,4uUQ7kgZ85fg8UmM6DbNsP
/Explore/Target_Operations,MCT_Snowflake_To_Snowflake_Seq_Gen_Insert_Cycle_Enabled_NoReset,MTT,jbzWvdAf70FcL6k0kLrFwS
/Explore/Target_Operations/parquet,s3_delete_SF_exp_parquet,DTEMPLATE,4npk21Re80UczpW3SNpmyo
/Explore/Target_Operations,m_Snowflake_To_Snowflake_Seq_Gen_Insert_Max_IncBy_Noreset,DTEMPLATE,2Cx5iobU71ChRVkZZxMTYv
/Explore/Target_Operations/advancedProperties,advancesProperty_S3_SF_postSql,MTT,1D9WC3t4n43cntFzN8oNSx
/Explore/Target_Operations,parquet,Folder,kQofGzXfKKFb6rnXNKsiEf
/Explore/Target_Operations,MappingTask_Snowflake1_with_s3_seq_sf,MTT,8CIoUSuUvJ7bUGxo4ucJYB
/Explore/Target_Operations,Mapping_S3_Sq_SF,DTEMPLATE,8ya7bSK9GIXgZ3J4izjF46
/Explore/Target_Operations/csv,s3_update - Copy 1,DTEMPLATE,6VmxFNPjNwlbFlaLLDNvyk
/Explore/Target_Operations/parquet,s3_insert_SF_parquet,MTT,dubv3AyBbo8gOWLsFy838f
/Explore/Target_Operations,m_Snowflake_To_Snowflake_Seq_Gen_Insert_Cycle_Enabled_NoReset,DTEMPLATE,1ttbcYq6wSnkml8qwPBU0Q
/Explore/Target_Operations/csv,s3_SF_Delete_csv,MTT,9YB5DPjU0GofT4AICUawmf
/Explore/Target_Operations,automation,Folder,9hrbNaUdzEcbBNvqxc0CW2
/Explore/Target_Operations/misc,MultiPipeLine_diffSource_sameTarget,MTT,4M8j5nQoup3ll2W5YyqoiE
/SYS,inkrh65qa82,AgentGroup,kMy2RPAFFAsiROQNm0YL0y
/Explore/Target_Operations/avro,S3_delete_SF_avro,MTT,btUg3ekvEoyh4fnuhdxpiD
/Explore/Target_Operations,MappingTask_Snowflake1_SharedSequence_Gen - TargetOverwrite,MTT,61c25MzfTfgdXgpyT1tvQ3
/Explore/Target_Operations,MappingTask_Snowflake1_with_s3_seq_sf - Copy 1,MTT,a2WrKqRgBcTcd7tXzOCMaN
/Explore/Target_Operations,csv,Folder,dhp80vet1Gaj5SoVzMPx41
/Explore/Target_Operations,snowFlake_with_ip -Filter,DTEMPLATE,66o8UuKdF6cfAejWj3qYEM
/Explore/Target_Operations/csv,s3_SF_Update_csv,MTT,cQGYekAEPIRbZeeu573mgR
/Explore/Target_Operations/avro,s3_SF_delete_avro,DTEMPLATE,fVYHnmwjgo7dxm4A1Ejsax
/Explore/Target_Operations,MappingTask_Snowflake1_SharedSequence_Gen,MTT,2G5fCaJJD6Kdwg3pIeqwsw
/Explore/Target_Operations,MappingTask_KeyPair,MTT,93G70GwI2k4eh7bPnZq9sB
/Explore/Target_Operations,m_Snowflake_To_Snowflake_Seq_Gen_Insert_Mult_Seq_SameTgt,DTEMPLATE,8F7Q59I9a4AbGwwyHZXaKd
/Explore/Target_Operations/misc,multiPipeLine_sameSource_sameTarget_PassThrough,DTEMPLATE,9BbR1GzpblefzsxTR0jzk7
/Explore/Target_Operations,snowFlake_with_ip_agregator,DTEMPLATE,aP4dpPgwyw9kDbBPTMxqm5
/Explore/Target_Operations,PDO_Advance,Folder,c9P6EK5RiQEjK5eLWwYgg9
/Explore/Target_Operations,m_Snowflake_To_Snowflake_Seq_Gen_Insert_Cycle_Enabled_Reset,DTEMPLATE,6GqmRcHfHLFeyJpObdPOKx
/Explore/Target_Operations/PDO_Advance,Mapping_multiTar,DTEMPLATE,kifemyrgRUsew3TzrYOnAI
/Explore/Target_Operations/advancedProperties,advancesProperty_S3_SF_batchSize,DTEMPLATE,ceSnS5hHgyIdcvaYT4doWy
/Explore/Target_Operations/avro,S3_DD_SF_agg,MTT,7zTxM06wyOhdCLsMekcY4m
/Explore,Default,Project,3MbY4CwGsulkOuVX6c6da5
/SYS,SnowFlake_v2Standard,Connection,7tOcbOoOdZLlCqDXtDt7o2
/SYS,INubuntu02,AgentGroup,3O70ApVW48lhTXEWt3HJ61
/Explore/Target_Operations/PDO_Advance,MappingTask_multiTxx - Copy 1,MTT,adbRMvegsc3gSqW9CZxBWi
/Explore/Target_Operations,misc,Folder,8U1GFPu5txPfIhgc08ldyB
/Explore/Target_Operations/orc,s3_delete_SF_multiple_columns_orc,MTT,aHjfe3dYAYGlwOhYXE5VQS
/Explore/Target_Operations,MappingTask_Snowflake1_with_Joiner,MTT,bLUmQY6HOOne0LCOv5rzWU
/Explore/Target_Operations,m_Snowflake_To_Snowflake_SharedSequence_Gen,DTEMPLATE,28F0b2svB9gcVAyqqF692m
/Explore/Target_Operations/csv,s3_SF_Update_csv - Copy 1,MTT,b10nWEiOoyKkDJU2YY30uE
/Explore/Target_Operations/advancedProperties,advancesProperty_S3_SF_database_warehouse_schema_table,DTEMPLATE,aY7BbK0472XdoTPcREf3Um
/Explore/Target_Operations,orc,Folder,kNrrkVWMg8zfJSLpzZIG6S
/Explore/Target_Operations/misc,multiPipline_S3_update_SF_par,MTT,9zSRynJR1MTh7Bw8pOWHOO
/Explore/Target_Operations/csv,s3_update,DTEMPLATE,joxiFImm5c6jPR2EEP6Hqf
/Explore/Target_Operations/parquet,s3_update_upsert_SF_exp_parquet,DTEMPLATE,1LAAdhdcZeXh0Xp8X5sNgw
/Explore/Target_Operations,snowFlake_with_ip_lookup,DTEMPLATE,1avGuSBPhOsiknGFqQDauf
/Explore/Target_Operations/csv,s3_upsert,DTEMPLATE,ktmXhLGFiGSiqYwkJ7nSeS
/SYS,AmazonS3V2_infaqabucket,Connection,4ttj1XPAZ2Ejd1DD4G6fuY
/SYS,AGENT_CRRT,AgentGroup,buR1GEFo9snjeAH9ySrbg0
/Explore/Target_Operations/PDO_Advance,MappingTask_multiTxx,MTT,blO4BZrgYqhgMClzo8Koe7
/Explore/Target_Operations,MappingTask_Snowflake1_Comon,MTT,4zjRK5NlFH1cjQXy4jOUIc
/Explore/Target_Operations/parquet,s3_delete_SF_exp_parquet,MTT,57Op6jKwAuFlPuJJ13FqUg
/Explore/Target_Operations/avro,s3_SF_DD_lookup,DTEMPLATE,9G6Rw93tTyQj8bpb0Ne9UA
/Explore/Target_Operations/automation,CMD_SNOWFLAKE_PDO_INCOING_PORT_SEQUENCE,DTEMPLATE,8MNhF4gyjlUlUN16ZAXN2b
/Explore/Target_Operations/advancedProperties,SF_SF_Upsert,MTT,7z0cDzZrnCQjH9QdXja169
/Explore/Target_Operations/advancedProperties,advancesProperty_S3_SF_preSql,DTEMPLATE,5kmRnGRGrU7h1QTwvsiXa7
/Explore/Target_Operations/parquet,s3_insert_SF_parquet,DTEMPLATE,3voHkCtjjYjgpRmnnorRIv
/Explore/Target_Operations/misc,MultiPipeLine_passthrough,MTT,8aNXhstp5YyltG4LZbKVK7
/Explore/Target_Operations/advancedProperties,advancesProperty_S3_SF_preSql,MTT,gPNmXmGDdUHdVidl3vTLEG
/Explore/Target_Operations,Mapping_Key_pair,DTEMPLATE,cEWQcghX1UqjbrvTJ6mGeC
/Explore/Target_Operations/orc,s3_SF_insert_orc,MTT,9necatmNq8phWkhrRrPNmS
/Explore/Target_Operations/automation,MCT_SNOWFLAKE_PDO_INCOMING_PORT_SEQUENCE,MTT,b5poAyq21QHcFKI9y0bgwr
/Explore/Target_Operations/misc,multiPipeline_sameSource_diffTarget,DTEMPLATE,3jskqTk5O4DiU3gn1pPmEG
/Explore/Target_Operations,Mapping_gcs_Sq_SF,DTEMPLATE,1r8vA1EjOUDlRkBVo020at
/Explore/Target_Operations,MappingTask_Snowflake1_SharedSequence_Gen - Insert_Mult_Seq_SameTgt,MTT,5PRc86o8QIRhzBUw18VXIM
/Explore/Target_Operations,MCT_Snowflake_To_Snowflake_Seq_Gen_Insert_Cycle_Enabled_Reset,MTT,aw83UEwb9iWg0PtOOFkqEt
/Explore/Target_Operations,MCT_Snowflake_To_Snowflake_Seq_Gen_Insert_Max_IncBy_NoReset,MTT,bDZRqRaxqQtcQvlFeYQF49
/SYS,Serverless_manja_new,AgentGroup,d75ncR6WNwKky8EHiGaKkQ
/SYS,google_storage,Connection,bx9Q0a9nNCokTmbuKhfQWt
/Explore/Target_Operations/advancedProperties,advancesProperty_S3_SF_database_warehouse_schema_table,MTT,cVa5mEiQIEUd2iBv6oajCT
/Explore/Target_Operations/csv,s3_delete,DTEMPLATE,5vEkpaDSPIycMPinqDu9kZ
/Explore/Target_Operations/advancedProperties,S3_SF_Role,MTT,8VEicIcJN5JeFhRG2LJxef
/Explore/Target_Operations/advancedProperties,SF_SF_Upsert_Upsert,DTEMPLATE,381qbkFCQmvd0PRnQ3N4yp
/Explore/Target_Operations/orc,s3_insert_orc,DTEMPLATE,9ajREVfXREadIGdXHPV9YT
/Explore/Target_Operations,MappingTask_Snowflake1_with_Filter,MTT,7280mZWNruViZyWEd5sX4R
/Explore/Target_Operations,m_Snowflake_To_Snowflake_Seq_Gen_Insert_Mult_Seq_MultTargets,DTEMPLATE,8FOEFUqyz2He6W3f36IN4y
/Explore/Target_Operations/orc,s3_exp_SF_upsert_orc,DTEMPLATE,0biolYRBwE3krqzZo9VPUj
/Explore/Target_Operations/misc,MultiPipeLine_s3_update_upsert_SF_exp_parquet,DTEMPLATE,abB21DXhkEkiDNOnwO9uuv
/Explore/Target_Operations,m_Snowflake_To_Snowflake_Seq_Gen_NoReset_KeyPair_Auth,DTEMPLATE,3BJbkjdw1j0haOC3thqiax
/Explore/Target_Operations/PDO_Advance,Mapping_multiTar - Copy 1,DTEMPLATE,5ylaB3EUu6ql6yrk0N7raL
/Explore/Target_Operations/parquet,s3_DD_SF_exp_parquet,DTEMPLATE,lXBKZZK89QTgqXKfnqxrSF
/Explore/Target_Operations,avro,Folder,8iSlLH6yWoXjDcprPnCSY5
/Explore/Target_Operations/misc,MultiPipeLine_sameSource_DiffTarget,MTT,baNOQpshbUwh1CpHYgYKey
/Explore/Target_Operations/csv,s3_insert,DTEMPLATE,eJnSUor0I2hlSm9rUK3C2E
/Explore/Target_Operations,MappingTask_Snowflake1_with_lookup,MTT,7KeOF7bJ8HSk7ne6oZQt4Q
/Explore/Target_Operations/advancedProperties,advancesProperty_S3_SF_batchSize,MTT,00Swenph9gVjCDKNFzfJix
/Explore/Target_Operations,MappingTask_Snowflake1_SharedSequence_Gen - MultiSeq_MultiTarget,MTT,2qq9OB7KgUai4y6y7FeUgn
/Explore/Target_Operations/misc,Source2_Target1_S3_exp_SF_CSV,DTEMPLATE,faEezuLo7K8ioSQzogagk7
/SYS,snowflake_keypair,Connection,4XBhwXB1NE1i97M2G3xFiL
/Explore/Target_Operations,advancedProperties,Folder,932UxGkMy3ZiihuDIDevYr
/Explore/Target_Operations,m_Filter_Joiner_aggregator_Seq_Tran,DTEMPLATE,9ExHGQCY6zifMC1GamyfmK
/Explore/Target_Operations/parquet,s3_dd_SF_parquet,MTT,a3yWlT31Z9ob9usEf8TeOw
/Explore/Target_Operations/avro,s3_SF_update_upsert_joiner_avro,DTEMPLATE,63WID2mOhKbkv8Y1ruykcs
/Explore,Target_Operations,Project,gswWoXoC8Std1DY1vxoWU9
/Explore/Target_Operations/misc,MultiPipeLine_samsSource_sameTarget_passthrough,MTT,fR1jXLqml8fivcEc65dA8v
/Explore/Target_Operations/misc,multiPipeLine_S3_exp_SF_CSV - Copy 1,MTT,550XWREc9S7i1PPVIra3GB
/Explore/Target_Operations/avro,s3_SF_inert_avro,DTEMPLATE,7LCX4Uqmj6Gj4wcvKdqMe5
/Explore/Target_Operations,snowFlake_MapNxtVal_To_X,DTEMPLATE,0cgiAblhsuEgU2F9lsPIIV
/Explore/Target_Operations/misc,multiPipeline_diffSource_sameTarget,DTEMPLATE,41d8N4OOOzbl5Gu1AJLOiO
/Explore/Target_Operations/PDO_Advance,MappingTask_multiTx,MTT,0DRTITNPjSukitAdL2fByR
/Explore/Target_Operations/advancedProperties,advancesProperty_S3_SF_postSql,DTEMPLATE,22zaXLZHLGedKB7rvoHc43
/Explore/Target_Operations/parquet,s3_update_upsert_SF_filter_parquet,MTT,deMHtVsHWKpjRKR5EpwvYe
/Explore/Target_Operations/misc,allTx_S3_SF,DTEMPLATE,axDScupV8Y6dfpYDiVMfS8
/Explore/Target_Operations,MappingTask_Snowflake1_with_ip _agg,MTT,dWTNCqfuqsYlfEAwdd88Sf
/Explore/Target_Operations/advancedProperties,advancesProperty_S3_SF_role,DTEMPLATE,afAPahCpxDkex9wlTAf6Eq
/Explore/Target_Operations/misc,multiPipeLine_PassThrough,DTEMPLATE,3ln1RzmcPoKhYzVymbE9Gu
/Explore/Target_Operations,snowFlake_with_ip_joiner,DTEMPLATE,gNrI8tsKeE6gBDi3FjTuOi
/Explore/Target_Operations/avro,S3_update_upsert_SF_joiner_avro,MTT,hxct6McHMw4hcj23OedBuu
/Explore/Target_Operations,m_Snowflake_To_Snowflake_Seq_Gen_TargetOverwrite,DTEMPLATE,6HPyt17Iv5re6sqfggTmaZ