{
  "name" : "Target_Operations",
  "sourceOrgId" : "52i14EEm4koct7M48ncDaK",
  "sourceOrgName" : "INFA_MSD",
  "exportedObjects" : [ {
    "objectGuid" : "a7RPTGA5OaAlLAzjjKD6Ut",
    "objectName" : "s3_exp_SF_Upsert_empty_tableorc",
    "objectType" : "MTT",
    "path" : "/Explore/Target_Operations/orc",
    "metadata" : {
      "modelVersion" : {
        "major" : 0,
        "minor" : 0
      },
      "repoInfo" : {
        "repoHandle" : "0105X20Z0000000000HW"
      },
      "objectRefs" : [ "4ttj1XPAZ2Ejd1DD4G6fuY", "kMy2RPAFFAsiROQNm0YL0y", "0biolYRBwE3krqzZo9VPUj", "9yTRduPIxmdbSiINpdVFib" ],
      "contextAttributes" : [ {
        "name" : "id",
        "value" : "@1"
      } ],
      "additionalInfo" : {
        "description" : "",
        "contentType" : "JSON",
        "documentState" : "VALID"
      }
    }
  }, {
    "objectGuid" : "7yHOHXvZkqCgQUPbF1UNmD",
    "objectName" : "mct_Joiner_aggregator_Seq_Tran",
    "objectType" : "MTT",
    "path" : "/Explore/Target_Operations",
    "metadata" : {
      "modelVersion" : {
        "major" : 0,
        "minor" : 0
      },
      "repoInfo" : {
        "repoHandle" : "0105X20Z0000000000SN"
      },
      "objectRefs" : [ "3O70ApVW48lhTXEWt3HJ61", "9ExHGQCY6zifMC1GamyfmK", "9yTRduPIxmdbSiINpdVFib" ],
      "contextAttributes" : [ {
        "name" : "id",
        "value" : "@1"
      } ],
      "additionalInfo" : {
        "description" : "",
        "contentType" : "JSON",
        "documentState" : "VALID"
      }
    }
  }, {
    "objectGuid" : "3ifQJUVlzCteMVXV143fCx",
    "objectName" : "multiPipeLine_S3_exp_SF_CSV",
    "objectType" : "DTEMPLATE",
    "path" : "/Explore/Target_Operations/misc",
    "metadata" : {
      "modelVersion" : {
        "major" : 0,
        "minor" : 0
      },
      "repoInfo" : {
        "repoHandle" : "0105X2170000000000KH"
      },
      "objectRefs" : [ "4ttj1XPAZ2Ejd1DD4G6fuY", "9yTRduPIxmdbSiINpdVFib" ],
      "contextAttributes" : [ {
        "name" : "id",
        "value" : "@1"
      } ],
      "additionalInfo" : {
        "description" : "",
        "contentType" : "JSON",
        "documentState" : "VALID"
      }
    }
  }, {
    "objectGuid" : "4IqOvIHmhczfDoaNk7aYSj",
    "objectName" : "snowFlake_with_ip_lookup - Copy 1",
    "objectType" : "DTEMPLATE",
    "path" : "/Explore/Target_Operations",
    "metadata" : {
      "modelVersion" : {
        "major" : 0,
        "minor" : 0
      },
      "repoInfo" : {
        "repoHandle" : "0105X2170000000000RD"
      },
      "objectRefs" : [ "9yTRduPIxmdbSiINpdVFib" ],
      "contextAttributes" : [ {
        "name" : "id",
        "value" : "@1"
      } ],
      "additionalInfo" : {
        "description" : "",
        "contentType" : "JSON",
        "documentState" : "VALID"
      }
    }
  }, {
    "objectGuid" : "aP4VD8psQ42eD06unIneIk",
    "objectName" : "SharedSequenceGenerator",
    "objectType" : "SequenceGenerator",
    "path" : "/Explore/Default",
    "metadata" : {
      "modelVersion" : {
        "major" : 0,
        "minor" : 0
      },
      "repoInfo" : {
        "repoHandle" : "0105X242000000000003"
      },
      "objectRefs" : [ ],
      "contextAttributes" : [ {
        "name" : "id",
        "value" : "@1"
      } ],
      "additionalInfo" : {
        "description" : "",
        "contentType" : "JSON",
        "documentState" : "VALID"
      }
    }
  }, {
    "objectGuid" : "9yTRduPIxmdbSiINpdVFib",
    "objectName" : "snowflake_saroy",
    "objectType" : "Connection",
    "path" : "/SYS",
    "metadata" : {
      "modelVersion" : {
        "major" : 0,
        "minor" : 0
      },
      "repoInfo" : {
        "repoHandle" : "0105X20B00000000004G"
      },
      "objectRefs" : [ "3O70ApVW48lhTXEWt3HJ61" ],
      "contextAttributes" : [ {
        "name" : "id",
        "value" : "@1"
      } ],
      "additionalInfo" : {
        "description" : null,
        "contentType" : "JSON",
        "documentState" : "COMPLETE"
      }
    }
  }, {
    "objectGuid" : "dqAEGZSBasQgUVuj1d9I24",
    "objectName" : "S3_insert_SF_avro",
    "objectType" : "MTT",
    "path" : "/Explore/Target_Operations/avro",
    "metadata" : {
      "modelVersion" : {
        "major" : 0,
        "minor" : 0
      },
      "repoInfo" : {
        "repoHandle" : "0105X20Z0000000000HY"
      },
      "objectRefs" : [ "4ttj1XPAZ2Ejd1DD4G6fuY", "7LCX4Uqmj6Gj4wcvKdqMe5", "3O70ApVW48lhTXEWt3HJ61", "9yTRduPIxmdbSiINpdVFib" ],
      "contextAttributes" : [ {
        "name" : "id",
        "value" : "@1"
      } ],
      "additionalInfo" : {
        "description" : "",
        "contentType" : "JSON",
        "documentState" : "VALID"
      }
    }
  }, {
    "objectGuid" : "6SqyPUcPD51i9Dk5yEdlUY",
    "objectName" : "cmd_DataLake_DW_4",
    "objectType" : "DTEMPLATE",
    "path" : "/Explore/Target_Operations/PDO_Advance",
    "metadata" : {
      "modelVersion" : {
        "major" : 0,
        "minor" : 0
      },
      "repoInfo" : {
        "repoHandle" : "0105X2170000000000LA"
      },
      "objectRefs" : [ "4ttj1XPAZ2Ejd1DD4G6fuY", "9yTRduPIxmdbSiINpdVFib" ],
      "contextAttributes" : [ {
        "name" : "id",
        "value" : "@1"
      } ],
      "additionalInfo" : {
        "description" : "",
        "contentType" : "JSON",
        "documentState" : "VALID"
      }
    }
  }, {
    "objectGuid" : "1PzNgmHV6ydjOerQPyTEeT",
    "objectName" : "s3_SF_delete_orc",
    "objectType" : "DTEMPLATE",
    "path" : "/Explore/Target_Operations/orc",
    "metadata" : {
      "modelVersion" : {
        "major" : 0,
        "minor" : 0
      },
      "repoInfo" : {
        "repoHandle" : "0105X2170000000000JE"
      },
      "objectRefs" : [ "4ttj1XPAZ2Ejd1DD4G6fuY", "9yTRduPIxmdbSiINpdVFib" ],
      "contextAttributes" : [ {
        "name" : "id",
        "value" : "@1"
      } ],
      "additionalInfo" : {
        "description" : "",
        "contentType" : "JSON",
        "documentState" : "VALID"
      }
    }
  }, {
    "objectGuid" : "kIiHJlop442c3Simy0bh4i",
    "objectName" : "MappingTask_Snowflake1_with_dataTypes",
    "objectType" : "MTT",
    "path" : "/Explore/Target_Operations",
    "metadata" : {
      "modelVersion" : {
        "major" : 0,
        "minor" : 0
      },
      "repoInfo" : {
        "repoHandle" : "0105X20Z0000000000SI"
      },
      "objectRefs" : [ "0cgiAblhsuEgU2F9lsPIIV", "3O70ApVW48lhTXEWt3HJ61", "9yTRduPIxmdbSiINpdVFib" ],
      "contextAttributes" : [ {
        "name" : "id",
        "value" : "@1"
      } ],
      "additionalInfo" : {
        "description" : "",
        "contentType" : "JSON",
        "documentState" : "VALID"
      }
    }
  }, {
    "objectGuid" : "ezgHGEbtPeUe6VSqTEo8OR",
    "objectName" : "MappingTask_Snowflake1_with_lookup - Copy 1",
    "objectType" : "MTT",
    "path" : "/Explore/Target_Operations",
    "metadata" : {
      "modelVersion" : {
        "major" : 0,
        "minor" : 0
      },
      "repoInfo" : {
        "repoHandle" : "0105X20Z0000000000SK"
      },
      "objectRefs" : [ "3O70ApVW48lhTXEWt3HJ61", "4IqOvIHmhczfDoaNk7aYSj", "9yTRduPIxmdbSiINpdVFib" ],
      "contextAttributes" : [ {
        "name" : "id",
        "value" : "@1"
      } ],
      "additionalInfo" : {
        "description" : "",
        "contentType" : "JSON",
        "documentState" : "VALID"
      }
    }
  }, {
    "objectGuid" : "7Wh0Jxhw9oZcvlqO1ebHmO",
    "objectName" : "MappingTask_Snowflake1_with_ip",
    "objectType" : "MTT",
    "path" : "/Explore/Target_Operations",
    "metadata" : {
      "modelVersion" : {
        "major" : 0,
        "minor" : 0
      },
      "repoInfo" : {
        "repoHandle" : "0105X20Z0000000000SS"
      },
      "objectRefs" : [ "3O70ApVW48lhTXEWt3HJ61", "gNrI8tsKeE6gBDi3FjTuOi", "9yTRduPIxmdbSiINpdVFib" ],
      "contextAttributes" : [ {
        "name" : "id",
        "value" : "@1"
      } ],
      "additionalInfo" : {
        "description" : "",
        "contentType" : "JSON",
        "documentState" : "VALID"
      }
    }
  }, {
    "objectGuid" : "4uUQ7kgZ85fg8UmM6DbNsP",
    "objectName" : "multiPipeLine_S3_exp_SF_CSV",
    "objectType" : "MTT",
    "path" : "/Explore/Target_Operations/misc",
    "metadata" : {
      "modelVersion" : {
        "major" : 0,
        "minor" : 0
      },
      "repoInfo" : {
        "repoHandle" : "0105X20Z0000000000IY"
      },
      "objectRefs" : [ "4ttj1XPAZ2Ejd1DD4G6fuY", "3O70ApVW48lhTXEWt3HJ61", "3ifQJUVlzCteMVXV143fCx", "9yTRduPIxmdbSiINpdVFib" ],
      "contextAttributes" : [ {
        "name" : "id",
        "value" : "@1"
      } ],
      "additionalInfo" : {
        "description" : "",
        "contentType" : "JSON",
        "documentState" : "VALID"
      }
    }
  }, {
    "objectGuid" : "jbzWvdAf70FcL6k0kLrFwS",
    "objectName" : "MCT_Snowflake_To_Snowflake_Seq_Gen_Insert_Cycle_Enabled_NoReset",
    "objectType" : "MTT",
    "path" : "/Explore/Target_Operations",
    "metadata" : {
      "modelVersion" : {
        "major" : 0,
        "minor" : 0
      },
      "repoInfo" : {
        "repoHandle" : "0105X20Z0000000000SP"
      },
      "objectRefs" : [ "3O70ApVW48lhTXEWt3HJ61", "1ttbcYq6wSnkml8qwPBU0Q", "9yTRduPIxmdbSiINpdVFib" ],
      "contextAttributes" : [ {
        "name" : "id",
        "value" : "@1"
      } ],
      "additionalInfo" : {
        "description" : "",
        "contentType" : "JSON",
        "documentState" : "VALID"
      }
    }
  }, {
    "objectGuid" : "4npk21Re80UczpW3SNpmyo",
    "objectName" : "s3_delete_SF_exp_parquet",
    "objectType" : "DTEMPLATE",
    "path" : "/Explore/Target_Operations/parquet",
    "metadata" : {
      "modelVersion" : {
        "major" : 0,
        "minor" : 0
      },
      "repoInfo" : {
        "repoHandle" : "0105X2170000000000JY"
      },
      "objectRefs" : [ "4ttj1XPAZ2Ejd1DD4G6fuY", "9yTRduPIxmdbSiINpdVFib" ],
      "contextAttributes" : [ {
        "name" : "id",
        "value" : "@1"
      } ],
      "additionalInfo" : {
        "description" : "",
        "contentType" : "JSON",
        "documentState" : "VALID"
      }
    }
  }, {
    "objectGuid" : "2Cx5iobU71ChRVkZZxMTYv",
    "objectName" : "m_Snowflake_To_Snowflake_Seq_Gen_Insert_Max_IncBy_Noreset",
    "objectType" : "DTEMPLATE",
    "path" : "/Explore/Target_Operations",
    "metadata" : {
      "modelVersion" : {
        "major" : 0,
        "minor" : 0
      },
      "repoInfo" : {
        "repoHandle" : "0105X2170000000000RA"
      },
      "objectRefs" : [ "9yTRduPIxmdbSiINpdVFib" ],
      "contextAttributes" : [ {
        "name" : "id",
        "value" : "@1"
      } ],
      "additionalInfo" : {
        "description" : "",
        "contentType" : "JSON",
        "documentState" : "VALID"
      }
    }
  }, {
    "objectGuid" : "1D9WC3t4n43cntFzN8oNSx",
    "objectName" : "advancesProperty_S3_SF_postSql",
    "objectType" : "MTT",
    "path" : "/Explore/Target_Operations/advancedProperties",
    "metadata" : {
      "modelVersion" : {
        "major" : 0,
        "minor" : 0
      },
      "repoInfo" : {
        "repoHandle" : "0105X20Z0000000000J7"
      },
      "objectRefs" : [ "4ttj1XPAZ2Ejd1DD4G6fuY", "3O70ApVW48lhTXEWt3HJ61", "22zaXLZHLGedKB7rvoHc43", "9yTRduPIxmdbSiINpdVFib" ],
      "contextAttributes" : [ {
        "name" : "id",
        "value" : "@1"
      } ],
      "additionalInfo" : {
        "description" : "",
        "contentType" : "JSON",
        "documentState" : "VALID"
      }
    }
  }, {
    "objectGuid" : "kQofGzXfKKFb6rnXNKsiEf",
    "objectName" : "parquet",
    "objectType" : "Folder",
    "path" : "/Explore/Target_Operations",
    "metadata" : {
      "modelVersion" : {
        "major" : 0,
        "minor" : 0
      },
      "repoInfo" : null,
      "objectRefs" : [ ],
      "contextAttributes" : [ ],
      "additionalInfo" : {
        "description" : "",
        "contentType" : "Binary",
        "documentState" : "COMPLETE"
      }
    }
  }, {
    "objectGuid" : "8CIoUSuUvJ7bUGxo4ucJYB",
    "objectName" : "MappingTask_Snowflake1_with_s3_seq_sf",
    "objectType" : "MTT",
    "path" : "/Explore/Target_Operations",
    "metadata" : {
      "modelVersion" : {
        "major" : 0,
        "minor" : 0
      },
      "repoInfo" : {
        "repoHandle" : "0105X20Z0000000000ST"
      },
      "objectRefs" : [ "4ttj1XPAZ2Ejd1DD4G6fuY", "3O70ApVW48lhTXEWt3HJ61", "8ya7bSK9GIXgZ3J4izjF46", "9yTRduPIxmdbSiINpdVFib" ],
      "contextAttributes" : [ {
        "name" : "id",
        "value" : "@1"
      } ],
      "additionalInfo" : {
        "description" : "",
        "contentType" : "JSON",
        "documentState" : "VALID"
      }
    }
  }, {
    "objectGuid" : "8ya7bSK9GIXgZ3J4izjF46",
    "objectName" : "Mapping_S3_Sq_SF",
    "objectType" : "DTEMPLATE",
    "path" : "/Explore/Target_Operations",
    "metadata" : {
      "modelVersion" : {
        "major" : 0,
        "minor" : 0
      },
      "repoInfo" : {
        "repoHandle" : "0105X2170000000000RM"
      },
      "objectRefs" : [ "4ttj1XPAZ2Ejd1DD4G6fuY", "9yTRduPIxmdbSiINpdVFib" ],
      "contextAttributes" : [ {
        "name" : "id",
        "value" : "@1"
      } ],
      "additionalInfo" : {
        "description" : "",
        "contentType" : "JSON",
        "documentState" : "VALID"
      }
    }
  }, {
    "objectGuid" : "6VmxFNPjNwlbFlaLLDNvyk",
    "objectName" : "s3_update - Copy 1",
    "objectType" : "DTEMPLATE",
    "path" : "/Explore/Target_Operations/csv",
    "metadata" : {
      "modelVersion" : {
        "major" : 0,
        "minor" : 0
      },
      "repoInfo" : {
        "repoHandle" : "0105X2170000000000J8"
      },
      "objectRefs" : [ "4ttj1XPAZ2Ejd1DD4G6fuY", "7tOcbOoOdZLlCqDXtDt7o2" ],
      "contextAttributes" : [ {
        "name" : "id",
        "value" : "@1"
      } ],
      "additionalInfo" : {
        "description" : "",
        "contentType" : "JSON",
        "documentState" : "VALID"
      }
    }
  }, {
    "objectGuid" : "dubv3AyBbo8gOWLsFy838f",
    "objectName" : "s3_insert_SF_parquet",
    "objectType" : "MTT",
    "path" : "/Explore/Target_Operations/parquet",
    "metadata" : {
      "modelVersion" : {
        "major" : 0,
        "minor" : 0
      },
      "repoInfo" : {
        "repoHandle" : "0105X20Z0000000000I8"
      },
      "objectRefs" : [ "3voHkCtjjYjgpRmnnorRIv", "4ttj1XPAZ2Ejd1DD4G6fuY", "3O70ApVW48lhTXEWt3HJ61", "9yTRduPIxmdbSiINpdVFib" ],
      "contextAttributes" : [ {
        "name" : "id",
        "value" : "@1"
      } ],
      "additionalInfo" : {
        "description" : "",
        "contentType" : "JSON",
        "documentState" : "VALID"
      }
    }
  }, {
    "objectGuid" : "1ttbcYq6wSnkml8qwPBU0Q",
    "objectName" : "m_Snowflake_To_Snowflake_Seq_Gen_Insert_Cycle_Enabled_NoReset",
    "objectType" : "DTEMPLATE",
    "path" : "/Explore/Target_Operations",
    "metadata" : {
      "modelVersion" : {
        "major" : 0,
        "minor" : 0
      },
      "repoInfo" : {
        "repoHandle" : "0105X2170000000000RO"
      },
      "objectRefs" : [ "9yTRduPIxmdbSiINpdVFib" ],
      "contextAttributes" : [ {
        "name" : "id",
        "value" : "@1"
      } ],
      "additionalInfo" : {
        "description" : "",
        "contentType" : "JSON",
        "documentState" : "VALID"
      }
    }
  }, {
    "objectGuid" : "9YB5DPjU0GofT4AICUawmf",
    "objectName" : "s3_SF_Delete_csv",
    "objectType" : "MTT",
    "path" : "/Explore/Target_Operations/csv",
    "metadata" : {
      "modelVersion" : {
        "major" : 0,
        "minor" : 0
      },
      "repoInfo" : {
        "repoHandle" : "0105X20Z0000000000IN"
      },
      "objectRefs" : [ "4ttj1XPAZ2Ejd1DD4G6fuY", "3O70ApVW48lhTXEWt3HJ61", "5vEkpaDSPIycMPinqDu9kZ", "9yTRduPIxmdbSiINpdVFib" ],
      "contextAttributes" : [ {
        "name" : "id",
        "value" : "@1"
      } ],
      "additionalInfo" : {
        "description" : "",
        "contentType" : "JSON",
        "documentState" : "VALID"
      }
    }
  }, {
    "objectGuid" : "9hrbNaUdzEcbBNvqxc0CW2",
    "objectName" : "automation",
    "objectType" : "Folder",
    "path" : "/Explore/Target_Operations",
    "metadata" : {
      "modelVersion" : {
        "major" : 0,
        "minor" : 0
      },
      "repoInfo" : null,
      "objectRefs" : [ ],
      "contextAttributes" : [ ],
      "additionalInfo" : {
        "description" : "",
        "contentType" : "Binary",
        "documentState" : "COMPLETE"
      }
    }
  }, {
    "objectGuid" : "4M8j5nQoup3ll2W5YyqoiE",
    "objectName" : "MultiPipeLine_diffSource_sameTarget",
    "objectType" : "MTT",
    "path" : "/Explore/Target_Operations/misc",
    "metadata" : {
      "modelVersion" : {
        "major" : 0,
        "minor" : 0
      },
      "repoInfo" : {
        "repoHandle" : "0105X20Z0000000000J1"
      },
      "objectRefs" : [ "4ttj1XPAZ2Ejd1DD4G6fuY", "41d8N4OOOzbl5Gu1AJLOiO", "3O70ApVW48lhTXEWt3HJ61", "9yTRduPIxmdbSiINpdVFib" ],
      "contextAttributes" : [ {
        "name" : "id",
        "value" : "@1"
      } ],
      "additionalInfo" : {
        "description" : "",
        "contentType" : "JSON",
        "documentState" : "VALID"
      }
    }
  }, {
    "objectGuid" : "kMy2RPAFFAsiROQNm0YL0y",
    "objectName" : "inkrh65qa82",
    "objectType" : "AgentGroup",
    "path" : "/SYS",
    "metadata" : {
      "modelVersion" : {
        "major" : 0,
        "minor" : 0
      },
      "repoInfo" : {
        "repoHandle" : "0105X22500000000000K"
      },
      "objectRefs" : [ ],
      "contextAttributes" : [ {
        "name" : "id",
        "value" : "@1"
      } ],
      "additionalInfo" : {
        "description" : null,
        "contentType" : "JSON",
        "documentState" : "VALID"
      }
    }
  }, {
    "objectGuid" : "btUg3ekvEoyh4fnuhdxpiD",
    "objectName" : "S3_delete_SF_avro",
    "objectType" : "MTT",
    "path" : "/Explore/Target_Operations/avro",
    "metadata" : {
      "modelVersion" : {
        "major" : 0,
        "minor" : 0
      },
      "repoInfo" : {
        "repoHandle" : "0105X20Z0000000000I3"
      },
      "objectRefs" : [ "fVYHnmwjgo7dxm4A1Ejsax", "4ttj1XPAZ2Ejd1DD4G6fuY", "3O70ApVW48lhTXEWt3HJ61", "9yTRduPIxmdbSiINpdVFib" ],
      "contextAttributes" : [ {
        "name" : "id",
        "value" : "@1"
      } ],
      "additionalInfo" : {
        "description" : "",
        "contentType" : "JSON",
        "documentState" : "VALID"
      }
    }
  }, {
    "objectGuid" : "61c25MzfTfgdXgpyT1tvQ3",
    "objectName" : "MappingTask_Snowflake1_SharedSequence_Gen - TargetOverwrite",
    "objectType" : "MTT",
    "path" : "/Explore/Target_Operations",
    "metadata" : {
      "modelVersion" : {
        "major" : 0,
        "minor" : 0
      },
      "repoInfo" : {
        "repoHandle" : "0105X20Z0000000000SX"
      },
      "objectRefs" : [ "3O70ApVW48lhTXEWt3HJ61", "6HPyt17Iv5re6sqfggTmaZ", "9yTRduPIxmdbSiINpdVFib" ],
      "contextAttributes" : [ {
        "name" : "id",
        "value" : "@1"
      } ],
      "additionalInfo" : {
        "description" : "",
        "contentType" : "JSON",
        "documentState" : "VALID"
      }
    }
  }, {
    "objectGuid" : "a2WrKqRgBcTcd7tXzOCMaN",
    "objectName" : "MappingTask_Snowflake1_with_s3_seq_sf - Copy 1",
    "objectType" : "MTT",
    "path" : "/Explore/Target_Operations",
    "metadata" : {
      "modelVersion" : {
        "major" : 0,
        "minor" : 0
      },
      "repoInfo" : {
        "repoHandle" : "0105X20Z0000000000SZ"
      },
      "objectRefs" : [ "1r8vA1EjOUDlRkBVo020at", "3O70ApVW48lhTXEWt3HJ61", "bx9Q0a9nNCokTmbuKhfQWt", "9yTRduPIxmdbSiINpdVFib" ],
      "contextAttributes" : [ {
        "name" : "id",
        "value" : "@1"
      } ],
      "additionalInfo" : {
        "description" : "",
        "contentType" : "JSON",
        "documentState" : "VALID"
      }
    }
  }, {
    "objectGuid" : "dhp80vet1Gaj5SoVzMPx41",
    "objectName" : "csv",
    "objectType" : "Folder",
    "path" : "/Explore/Target_Operations",
    "metadata" : {
      "modelVersion" : {
        "major" : 0,
        "minor" : 0
      },
      "repoInfo" : null,
      "objectRefs" : [ ],
      "contextAttributes" : [ ],
      "additionalInfo" : {
        "description" : "",
        "contentType" : "Binary",
        "documentState" : "COMPLETE"
      }
    }
  }, {
    "objectGuid" : "66o8UuKdF6cfAejWj3qYEM",
    "objectName" : "snowFlake_with_ip -Filter",
    "objectType" : "DTEMPLATE",
    "path" : "/Explore/Target_Operations",
    "metadata" : {
      "modelVersion" : {
        "major" : 0,
        "minor" : 0
      },
      "repoInfo" : {
        "repoHandle" : "0105X2170000000000RR"
      },
      "objectRefs" : [ "9yTRduPIxmdbSiINpdVFib" ],
      "contextAttributes" : [ {
        "name" : "id",
        "value" : "@1"
      } ],
      "additionalInfo" : {
        "description" : "",
        "contentType" : "JSON",
        "documentState" : "VALID"
      }
    }
  }, {
    "objectGuid" : "cQGYekAEPIRbZeeu573mgR",
    "objectName" : "s3_SF_Update_csv",
    "objectType" : "MTT",
    "path" : "/Explore/Target_Operations/csv",
    "metadata" : {
      "modelVersion" : {
        "major" : 0,
        "minor" : 0
      },
      "repoInfo" : {
        "repoHandle" : "0105X20Z0000000000IO"
      },
      "objectRefs" : [ "4ttj1XPAZ2Ejd1DD4G6fuY", "joxiFImm5c6jPR2EEP6Hqf", "3O70ApVW48lhTXEWt3HJ61", "9yTRduPIxmdbSiINpdVFib" ],
      "contextAttributes" : [ {
        "name" : "id",
        "value" : "@1"
      } ],
      "additionalInfo" : {
        "description" : "",
        "contentType" : "JSON",
        "documentState" : "VALID"
      }
    }
  }, {
    "objectGuid" : "fVYHnmwjgo7dxm4A1Ejsax",
    "objectName" : "s3_SF_delete_avro",
    "objectType" : "DTEMPLATE",
    "path" : "/Explore/Target_Operations/avro",
    "metadata" : {
      "modelVersion" : {
        "major" : 0,
        "minor" : 0
      },
      "repoInfo" : {
        "repoHandle" : "0105X2170000000000JL"
      },
      "objectRefs" : [ "4ttj1XPAZ2Ejd1DD4G6fuY", "9yTRduPIxmdbSiINpdVFib" ],
      "contextAttributes" : [ {
        "name" : "id",
        "value" : "@1"
      } ],
      "additionalInfo" : {
        "description" : "",
        "contentType" : "JSON",
        "documentState" : "VALID"
      }
    }
  }, {
    "objectGuid" : "2G5fCaJJD6Kdwg3pIeqwsw",
    "objectName" : "MappingTask_Snowflake1_SharedSequence_Gen",
    "objectType" : "MTT",
    "path" : "/Explore/Target_Operations",
    "metadata" : {
      "modelVersion" : {
        "major" : 0,
        "minor" : 0
      },
      "repoInfo" : {
        "repoHandle" : "0105X20Z0000000000SV"
      },
      "objectRefs" : [ "28F0b2svB9gcVAyqqF692m", "3O70ApVW48lhTXEWt3HJ61", "9yTRduPIxmdbSiINpdVFib", "aP4VD8psQ42eD06unIneIk" ],
      "contextAttributes" : [ {
        "name" : "id",
        "value" : "@1"
      } ],
      "additionalInfo" : {
        "description" : "",
        "contentType" : "JSON",
        "documentState" : "VALID"
      }
    }
  }, {
    "objectGuid" : "93G70GwI2k4eh7bPnZq9sB",
    "objectName" : "MappingTask_KeyPair",
    "objectType" : "MTT",
    "path" : "/Explore/Target_Operations",
    "metadata" : {
      "modelVersion" : {
        "major" : 0,
        "minor" : 0
      },
      "repoInfo" : {
        "repoHandle" : "0105X20Z0000000000SL"
      },
      "objectRefs" : [ "cEWQcghX1UqjbrvTJ6mGeC", "4XBhwXB1NE1i97M2G3xFiL", "3O70ApVW48lhTXEWt3HJ61" ],
      "contextAttributes" : [ {
        "name" : "id",
        "value" : "@1"
      } ],
      "additionalInfo" : {
        "description" : "",
        "contentType" : "JSON",
        "documentState" : "VALID"
      }
    }
  }, {
    "objectGuid" : "8F7Q59I9a4AbGwwyHZXaKd",
    "objectName" : "m_Snowflake_To_Snowflake_Seq_Gen_Insert_Mult_Seq_SameTgt",
    "objectType" : "DTEMPLATE",
    "path" : "/Explore/Target_Operations",
    "metadata" : {
      "modelVersion" : {
        "major" : 0,
        "minor" : 0
      },
      "repoInfo" : {
        "repoHandle" : "0105X2170000000000RG"
      },
      "objectRefs" : [ "9yTRduPIxmdbSiINpdVFib" ],
      "contextAttributes" : [ {
        "name" : "id",
        "value" : "@1"
      } ],
      "additionalInfo" : {
        "description" : "",
        "contentType" : "JSON",
        "documentState" : "VALID"
      }
    }
  }, {
    "objectGuid" : "9BbR1GzpblefzsxTR0jzk7",
    "objectName" : "multiPipeLine_sameSource_sameTarget_PassThrough",
    "objectType" : "DTEMPLATE",
    "path" : "/Explore/Target_Operations/misc",
    "metadata" : {
      "modelVersion" : {
        "major" : 0,
        "minor" : 0
      },
      "repoInfo" : {
        "repoHandle" : "0105X2170000000000KL"
      },
      "objectRefs" : [ "4ttj1XPAZ2Ejd1DD4G6fuY", "9yTRduPIxmdbSiINpdVFib" ],
      "contextAttributes" : [ {
        "name" : "id",
        "value" : "@1"
      } ],
      "additionalInfo" : {
        "description" : "",
        "contentType" : "JSON",
        "documentState" : "VALID"
      }
    }
  }, {
    "objectGuid" : "aP4dpPgwyw9kDbBPTMxqm5",
    "objectName" : "snowFlake_with_ip_agregator",
    "objectType" : "DTEMPLATE",
    "path" : "/Explore/Target_Operations",
    "metadata" : {
      "modelVersion" : {
        "major" : 0,
        "minor" : 0
      },
      "repoInfo" : {
        "repoHandle" : "0105X2170000000000RH"
      },
      "objectRefs" : [ "9yTRduPIxmdbSiINpdVFib" ],
      "contextAttributes" : [ {
        "name" : "id",
        "value" : "@1"
      } ],
      "additionalInfo" : {
        "description" : "",
        "contentType" : "JSON",
        "documentState" : "VALID"
      }
    }
  }, {
    "objectGuid" : "c9P6EK5RiQEjK5eLWwYgg9",
    "objectName" : "PDO_Advance",
    "objectType" : "Folder",
    "path" : "/Explore/Target_Operations",
    "metadata" : {
      "modelVersion" : {
        "major" : 0,
        "minor" : 0
      },
      "repoInfo" : null,
      "objectRefs" : [ ],
      "contextAttributes" : [ ],
      "additionalInfo" : {
        "description" : "PDO_Advance",
        "contentType" : "Binary",
        "documentState" : "COMPLETE"
      }
    }
  }, {
    "objectGuid" : "6GqmRcHfHLFeyJpObdPOKx",
    "objectName" : "m_Snowflake_To_Snowflake_Seq_Gen_Insert_Cycle_Enabled_Reset",
    "objectType" : "DTEMPLATE",
    "path" : "/Explore/Target_Operations",
    "metadata" : {
      "modelVersion" : {
        "major" : 0,
        "minor" : 0
      },
      "repoInfo" : {
        "repoHandle" : "0105X2170000000000RC"
      },
      "objectRefs" : [ "9yTRduPIxmdbSiINpdVFib" ],
      "contextAttributes" : [ {
        "name" : "id",
        "value" : "@1"
      } ],
      "additionalInfo" : {
        "description" : "",
        "contentType" : "JSON",
        "documentState" : "VALID"
      }
    }
  }, {
    "objectGuid" : "kifemyrgRUsew3TzrYOnAI",
    "objectName" : "Mapping_multiTar",
    "objectType" : "DTEMPLATE",
    "path" : "/Explore/Target_Operations/PDO_Advance",
    "metadata" : {
      "modelVersion" : {
        "major" : 0,
        "minor" : 0
      },
      "repoInfo" : {
        "repoHandle" : "0105X2170000000000LC"
      },
      "objectRefs" : [ "4ttj1XPAZ2Ejd1DD4G6fuY", "9yTRduPIxmdbSiINpdVFib" ],
      "contextAttributes" : [ {
        "name" : "id",
        "value" : "@1"
      } ],
      "additionalInfo" : {
        "description" : "",
        "contentType" : "JSON",
        "documentState" : "VALID"
      }
    }
  }, {
    "objectGuid" : "ceSnS5hHgyIdcvaYT4doWy",
    "objectName" : "advancesProperty_S3_SF_batchSize",
    "objectType" : "DTEMPLATE",
    "path" : "/Explore/Target_Operations/advancedProperties",
    "metadata" : {
      "modelVersion" : {
        "major" : 0,
        "minor" : 0
      },
      "repoInfo" : {
        "repoHandle" : "0105X2170000000000KN"
      },
      "objectRefs" : [ "4ttj1XPAZ2Ejd1DD4G6fuY", "9yTRduPIxmdbSiINpdVFib" ],
      "contextAttributes" : [ {
        "name" : "id",
        "value" : "@1"
      } ],
      "additionalInfo" : {
        "description" : "",
        "contentType" : "JSON",
        "documentState" : "VALID"
      }
    }
  }, {
    "objectGuid" : "7zTxM06wyOhdCLsMekcY4m",
    "objectName" : "S3_DD_SF_agg",
    "objectType" : "MTT",
    "path" : "/Explore/Target_Operations/avro",
    "metadata" : {
      "modelVersion" : {
        "major" : 0,
        "minor" : 0
      },
      "repoInfo" : {
        "repoHandle" : "0105X20Z0000000000IK"
      },
      "objectRefs" : [ "4ttj1XPAZ2Ejd1DD4G6fuY", "3O70ApVW48lhTXEWt3HJ61", "9G6Rw93tTyQj8bpb0Ne9UA", "9yTRduPIxmdbSiINpdVFib" ],
      "contextAttributes" : [ {
        "name" : "id",
        "value" : "@1"
      } ],
      "additionalInfo" : {
        "description" : "",
        "contentType" : "JSON",
        "documentState" : "VALID"
      }
    }
  }, {
    "objectGuid" : "3MbY4CwGsulkOuVX6c6da5",
    "objectName" : "Default",
    "objectType" : "Project",
    "path" : "/Explore",
    "metadata" : {
      "modelVersion" : {
        "major" : 0,
        "minor" : 0
      },
      "repoInfo" : null,
      "objectRefs" : [ ],
      "contextAttributes" : [ {
        "name" : "IS_DEF_LOC",
        "value" : "true"
      } ],
      "additionalInfo" : {
        "description" : "Auto-generated Default Project",
        "contentType" : null,
        "documentState" : "COMPLETE"
      }
    }
  }, {
    "objectGuid" : "7tOcbOoOdZLlCqDXtDt7o2",
    "objectName" : "SnowFlake_v2Standard",
    "objectType" : "Connection",
    "path" : "/SYS",
    "metadata" : {
      "modelVersion" : {
        "major" : 0,
        "minor" : 0
      },
      "repoInfo" : {
        "repoHandle" : "0105X20B00000000001E"
      },
      "objectRefs" : [ "d75ncR6WNwKky8EHiGaKkQ" ],
      "contextAttributes" : [ {
        "name" : "id",
        "value" : "@1"
      } ],
      "additionalInfo" : {
        "description" : null,
        "contentType" : "JSON",
        "documentState" : "COMPLETE"
      }
    }
  }, {
    "objectGuid" : "3O70ApVW48lhTXEWt3HJ61",
    "objectName" : "INubuntu02",
    "objectType" : "AgentGroup",
    "path" : "/SYS",
    "metadata" : {
      "modelVersion" : {
        "major" : 0,
        "minor" : 0
      },
      "repoInfo" : {
        "repoHandle" : "0105X22500000000000M"
      },
      "objectRefs" : [ ],
      "contextAttributes" : [ {
        "name" : "id",
        "value" : "@1"
      } ],
      "additionalInfo" : {
        "description" : null,
        "contentType" : "JSON",
        "documentState" : "VALID"
      }
    }
  }, {
    "objectGuid" : "adbRMvegsc3gSqW9CZxBWi",
    "objectName" : "MappingTask_multiTxx - Copy 1",
    "objectType" : "MTT",
    "path" : "/Explore/Target_Operations/PDO_Advance",
    "metadata" : {
      "modelVersion" : {
        "major" : 0,
        "minor" : 0
      },
      "repoInfo" : {
        "repoHandle" : "0105X20Z0000000000JX"
      },
      "objectRefs" : [ "4ttj1XPAZ2Ejd1DD4G6fuY", "3O70ApVW48lhTXEWt3HJ61", "5ylaB3EUu6ql6yrk0N7raL", "9yTRduPIxmdbSiINpdVFib" ],
      "contextAttributes" : [ {
        "name" : "id",
        "value" : "@1"
      } ],
      "additionalInfo" : {
        "description" : "",
        "contentType" : null,
        "documentState" : "VALID"
      }
    }
  }, {
    "objectGuid" : "8U1GFPu5txPfIhgc08ldyB",
    "objectName" : "misc",
    "objectType" : "Folder",
    "path" : "/Explore/Target_Operations",
    "metadata" : {
      "modelVersion" : {
        "major" : 0,
        "minor" : 0
      },
      "repoInfo" : null,
      "objectRefs" : [ ],
      "contextAttributes" : [ ],
      "additionalInfo" : {
        "description" : "",
        "contentType" : "Binary",
        "documentState" : "COMPLETE"
      }
    }
  }, {
    "objectGuid" : "aHjfe3dYAYGlwOhYXE5VQS",
    "objectName" : "s3_delete_SF_multiple_columns_orc",
    "objectType" : "MTT",
    "path" : "/Explore/Target_Operations/orc",
    "metadata" : {
      "modelVersion" : {
        "major" : 0,
        "minor" : 0
      },
      "repoInfo" : {
        "repoHandle" : "0105X20Z0000000000HV"
      },
      "objectRefs" : [ "1PzNgmHV6ydjOerQPyTEeT", "4ttj1XPAZ2Ejd1DD4G6fuY", "kMy2RPAFFAsiROQNm0YL0y", "9yTRduPIxmdbSiINpdVFib" ],
      "contextAttributes" : [ {
        "name" : "id",
        "value" : "@1"
      } ],
      "additionalInfo" : {
        "description" : "",
        "contentType" : "JSON",
        "documentState" : "VALID"
      }
    }
  }, {
    "objectGuid" : "bLUmQY6HOOne0LCOv5rzWU",
    "objectName" : "MappingTask_Snowflake1_with_Joiner",
    "objectType" : "MTT",
    "path" : "/Explore/Target_Operations",
    "metadata" : {
      "modelVersion" : {
        "major" : 0,
        "minor" : 0
      },
      "repoInfo" : {
        "repoHandle" : "0105X20Z0000000000SO"
      },
      "objectRefs" : [ "3O70ApVW48lhTXEWt3HJ61", "gNrI8tsKeE6gBDi3FjTuOi", "9yTRduPIxmdbSiINpdVFib" ],
      "contextAttributes" : [ {
        "name" : "id",
        "value" : "@1"
      } ],
      "additionalInfo" : {
        "description" : "",
        "contentType" : "JSON",
        "documentState" : "VALID"
      }
    }
  }, {
    "objectGuid" : "28F0b2svB9gcVAyqqF692m",
    "objectName" : "m_Snowflake_To_Snowflake_SharedSequence_Gen",
    "objectType" : "DTEMPLATE",
    "path" : "/Explore/Target_Operations",
    "metadata" : {
      "modelVersion" : {
        "major" : 0,
        "minor" : 0
      },
      "repoInfo" : {
        "repoHandle" : "0105X2170000000000RL"
      },
      "objectRefs" : [ "9yTRduPIxmdbSiINpdVFib", "aP4VD8psQ42eD06unIneIk" ],
      "contextAttributes" : [ {
        "name" : "id",
        "value" : "@1"
      } ],
      "additionalInfo" : {
        "description" : "",
        "contentType" : "JSON",
        "documentState" : "VALID"
      }
    }
  }, {
    "objectGuid" : "b10nWEiOoyKkDJU2YY30uE",
    "objectName" : "s3_SF_Update_csv - Copy 1",
    "objectType" : "MTT",
    "path" : "/Explore/Target_Operations/csv",
    "metadata" : {
      "modelVersion" : {
        "major" : 0,
        "minor" : 0
      },
      "repoInfo" : {
        "repoHandle" : "0105X20Z0000000000SE"
      },
      "objectRefs" : [ "4ttj1XPAZ2Ejd1DD4G6fuY", "joxiFImm5c6jPR2EEP6Hqf", "3O70ApVW48lhTXEWt3HJ61", "9yTRduPIxmdbSiINpdVFib" ],
      "contextAttributes" : [ {
        "name" : "id",
        "value" : "@1"
      } ],
      "additionalInfo" : {
        "description" : "",
        "contentType" : null,
        "documentState" : "VALID"
      }
    }
  }, {
    "objectGuid" : "aY7BbK0472XdoTPcREf3Um",
    "objectName" : "advancesProperty_S3_SF_database_warehouse_schema_table",
    "objectType" : "DTEMPLATE",
    "path" : "/Explore/Target_Operations/advancedProperties",
    "metadata" : {
      "modelVersion" : {
        "major" : 0,
        "minor" : 0
      },
      "repoInfo" : {
        "repoHandle" : "0105X2170000000000KM"
      },
      "objectRefs" : [ "4ttj1XPAZ2Ejd1DD4G6fuY", "9yTRduPIxmdbSiINpdVFib" ],
      "contextAttributes" : [ {
        "name" : "id",
        "value" : "@1"
      } ],
      "additionalInfo" : {
        "description" : "",
        "contentType" : "JSON",
        "documentState" : "VALID"
      }
    }
  }, {
    "objectGuid" : "kNrrkVWMg8zfJSLpzZIG6S",
    "objectName" : "orc",
    "objectType" : "Folder",
    "path" : "/Explore/Target_Operations",
    "metadata" : {
      "modelVersion" : {
        "major" : 0,
        "minor" : 0
      },
      "repoInfo" : null,
      "objectRefs" : [ ],
      "contextAttributes" : [ ],
      "additionalInfo" : {
        "description" : "",
        "contentType" : "Binary",
        "documentState" : "COMPLETE"
      }
    }
  }, {
    "objectGuid" : "9zSRynJR1MTh7Bw8pOWHOO",
    "objectName" : "multiPipline_S3_update_SF_par",
    "objectType" : "MTT",
    "path" : "/Explore/Target_Operations/misc",
    "metadata" : {
      "modelVersion" : {
        "major" : 0,
        "minor" : 0
      },
      "repoInfo" : {
        "repoHandle" : "0105X20Z0000000000IM"
      },
      "objectRefs" : [ "abB21DXhkEkiDNOnwO9uuv", "4ttj1XPAZ2Ejd1DD4G6fuY", "3O70ApVW48lhTXEWt3HJ61", "9yTRduPIxmdbSiINpdVFib" ],
      "contextAttributes" : [ {
        "name" : "id",
        "value" : "@1"
      } ],
      "additionalInfo" : {
        "description" : "",
        "contentType" : "JSON",
        "documentState" : "VALID"
      }
    }
  }, {
    "objectGuid" : "joxiFImm5c6jPR2EEP6Hqf",
    "objectName" : "s3_update",
    "objectType" : "DTEMPLATE",
    "path" : "/Explore/Target_Operations/csv",
    "metadata" : {
      "modelVersion" : {
        "major" : 0,
        "minor" : 0
      },
      "repoInfo" : {
        "repoHandle" : "0105X2170000000000J9"
      },
      "objectRefs" : [ "4ttj1XPAZ2Ejd1DD4G6fuY", "9yTRduPIxmdbSiINpdVFib" ],
      "contextAttributes" : [ {
        "name" : "id",
        "value" : "@1"
      } ],
      "additionalInfo" : {
        "description" : "",
        "contentType" : "JSON",
        "documentState" : "VALID"
      }
    }
  }, {
    "objectGuid" : "1LAAdhdcZeXh0Xp8X5sNgw",
    "objectName" : "s3_update_upsert_SF_exp_parquet",
    "objectType" : "DTEMPLATE",
    "path" : "/Explore/Target_Operations/parquet",
    "metadata" : {
      "modelVersion" : {
        "major" : 0,
        "minor" : 0
      },
      "repoInfo" : {
        "repoHandle" : "0105X2170000000000K2"
      },
      "objectRefs" : [ "4ttj1XPAZ2Ejd1DD4G6fuY", "9yTRduPIxmdbSiINpdVFib" ],
      "contextAttributes" : [ {
        "name" : "id",
        "value" : "@1"
      } ],
      "additionalInfo" : {
        "description" : "",
        "contentType" : "JSON",
        "documentState" : "VALID"
      }
    }
  }, {
    "objectGuid" : "1avGuSBPhOsiknGFqQDauf",
    "objectName" : "snowFlake_with_ip_lookup",
    "objectType" : "DTEMPLATE",
    "path" : "/Explore/Target_Operations",
    "metadata" : {
      "modelVersion" : {
        "major" : 0,
        "minor" : 0
      },
      "repoInfo" : {
        "repoHandle" : "0105X2170000000000RE"
      },
      "objectRefs" : [ "9yTRduPIxmdbSiINpdVFib" ],
      "contextAttributes" : [ {
        "name" : "id",
        "value" : "@1"
      } ],
      "additionalInfo" : {
        "description" : "",
        "contentType" : "JSON",
        "documentState" : "VALID"
      }
    }
  }, {
    "objectGuid" : "ktmXhLGFiGSiqYwkJ7nSeS",
    "objectName" : "s3_upsert",
    "objectType" : "DTEMPLATE",
    "path" : "/Explore/Target_Operations/csv",
    "metadata" : {
      "modelVersion" : {
        "major" : 0,
        "minor" : 0
      },
      "repoInfo" : {
        "repoHandle" : "0105X2170000000000JB"
      },
      "objectRefs" : [ "4ttj1XPAZ2Ejd1DD4G6fuY", "7tOcbOoOdZLlCqDXtDt7o2" ],
      "contextAttributes" : [ {
        "name" : "id",
        "value" : "@1"
      } ],
      "additionalInfo" : {
        "description" : "",
        "contentType" : "JSON",
        "documentState" : "VALID"
      }
    }
  }, {
    "objectGuid" : "4ttj1XPAZ2Ejd1DD4G6fuY",
    "objectName" : "AmazonS3V2_infaqabucket",
    "objectType" : "Connection",
    "path" : "/SYS",
    "metadata" : {
      "modelVersion" : {
        "major" : 0,
        "minor" : 0
      },
      "repoInfo" : {
        "repoHandle" : "0105X20B00000000003T"
      },
      "objectRefs" : [ "buR1GEFo9snjeAH9ySrbg0" ],
      "contextAttributes" : [ {
        "name" : "id",
        "value" : "@1"
      } ],
      "additionalInfo" : {
        "description" : null,
        "contentType" : "JSON",
        "documentState" : "COMPLETE"
      }
    }
  }, {
    "objectGuid" : "buR1GEFo9snjeAH9ySrbg0",
    "objectName" : "AGENT_CRRT",
    "objectType" : "AgentGroup",
    "path" : "/SYS",
    "metadata" : {
      "modelVersion" : {
        "major" : 0,
        "minor" : 0
      },
      "repoInfo" : {
        "repoHandle" : "0105X22500000000000I"
      },
      "objectRefs" : [ ],
      "contextAttributes" : [ {
        "name" : "id",
        "value" : "@1"
      } ],
      "additionalInfo" : {
        "description" : null,
        "contentType" : "JSON",
        "documentState" : "VALID"
      }
    }
  }, {
    "objectGuid" : "blO4BZrgYqhgMClzo8Koe7",
    "objectName" : "MappingTask_multiTxx",
    "objectType" : "MTT",
    "path" : "/Explore/Target_Operations/PDO_Advance",
    "metadata" : {
      "modelVersion" : {
        "major" : 0,
        "minor" : 0
      },
      "repoInfo" : {
        "repoHandle" : "0105X20Z0000000000JW"
      },
      "objectRefs" : [ "kifemyrgRUsew3TzrYOnAI", "4ttj1XPAZ2Ejd1DD4G6fuY", "3O70ApVW48lhTXEWt3HJ61", "9yTRduPIxmdbSiINpdVFib" ],
      "contextAttributes" : [ {
        "name" : "id",
        "value" : "@1"
      } ],
      "additionalInfo" : {
        "description" : "",
        "contentType" : "JSON",
        "documentState" : "VALID"
      }
    }
  }, {
    "objectGuid" : "4zjRK5NlFH1cjQXy4jOUIc",
    "objectName" : "MappingTask_Snowflake1_Comon",
    "objectType" : "MTT",
    "path" : "/Explore/Target_Operations",
    "metadata" : {
      "modelVersion" : {
        "major" : 0,
        "minor" : 0
      },
      "repoInfo" : {
        "repoHandle" : "0105X20Z0000000000SQ"
      },
      "objectRefs" : [ "3BJbkjdw1j0haOC3thqiax", "4XBhwXB1NE1i97M2G3xFiL", "3O70ApVW48lhTXEWt3HJ61", "9yTRduPIxmdbSiINpdVFib" ],
      "contextAttributes" : [ {
        "name" : "id",
        "value" : "@1"
      } ],
      "additionalInfo" : {
        "description" : "",
        "contentType" : "JSON",
        "documentState" : "VALID"
      }
    }
  }, {
    "objectGuid" : "57Op6jKwAuFlPuJJ13FqUg",
    "objectName" : "s3_delete_SF_exp_parquet",
    "objectType" : "MTT",
    "path" : "/Explore/Target_Operations/parquet",
    "metadata" : {
      "modelVersion" : {
        "major" : 0,
        "minor" : 0
      },
      "repoInfo" : {
        "repoHandle" : "0105X20Z0000000000IC"
      },
      "objectRefs" : [ "4npk21Re80UczpW3SNpmyo", "4ttj1XPAZ2Ejd1DD4G6fuY", "3O70ApVW48lhTXEWt3HJ61", "9yTRduPIxmdbSiINpdVFib" ],
      "contextAttributes" : [ {
        "name" : "id",
        "value" : "@1"
      } ],
      "additionalInfo" : {
        "description" : "",
        "contentType" : "JSON",
        "documentState" : "VALID"
      }
    }
  }, {
    "objectGuid" : "9G6Rw93tTyQj8bpb0Ne9UA",
    "objectName" : "s3_SF_DD_lookup",
    "objectType" : "DTEMPLATE",
    "path" : "/Explore/Target_Operations/avro",
    "metadata" : {
      "modelVersion" : {
        "major" : 0,
        "minor" : 0
      },
      "repoInfo" : {
        "repoHandle" : "0105X2170000000000K5"
      },
      "objectRefs" : [ "4ttj1XPAZ2Ejd1DD4G6fuY", "9yTRduPIxmdbSiINpdVFib" ],
      "contextAttributes" : [ {
        "name" : "id",
        "value" : "@1"
      } ],
      "additionalInfo" : {
        "description" : "",
        "contentType" : "JSON",
        "documentState" : "VALID"
      }
    }
  }, {
    "objectGuid" : "8MNhF4gyjlUlUN16ZAXN2b",
    "objectName" : "CMD_SNOWFLAKE_PDO_INCOING_PORT_SEQUENCE",
    "objectType" : "DTEMPLATE",
    "path" : "/Explore/Target_Operations/automation",
    "metadata" : {
      "modelVersion" : {
        "major" : 0,
        "minor" : 0
      },
      "repoInfo" : {
        "repoHandle" : "0105X2170000000000Q3"
      },
      "objectRefs" : [ "9yTRduPIxmdbSiINpdVFib" ],
      "contextAttributes" : [ {
        "name" : "id",
        "value" : "@1"
      } ],
      "additionalInfo" : {
        "description" : "",
        "contentType" : "JSON",
        "documentState" : "VALID"
      }
    }
  }, {
    "objectGuid" : "7z0cDzZrnCQjH9QdXja169",
    "objectName" : "SF_SF_Upsert",
    "objectType" : "MTT",
    "path" : "/Explore/Target_Operations/advancedProperties",
    "metadata" : {
      "modelVersion" : {
        "major" : 0,
        "minor" : 0
      },
      "repoInfo" : {
        "repoHandle" : "0105X20Z0000000000JZ"
      },
      "objectRefs" : [ "381qbkFCQmvd0PRnQ3N4yp", "3O70ApVW48lhTXEWt3HJ61", "9yTRduPIxmdbSiINpdVFib" ],
      "contextAttributes" : [ {
        "name" : "id",
        "value" : "@1"
      } ],
      "additionalInfo" : {
        "description" : "",
        "contentType" : "JSON",
        "documentState" : "VALID"
      }
    }
  }, {
    "objectGuid" : "5kmRnGRGrU7h1QTwvsiXa7",
    "objectName" : "advancesProperty_S3_SF_preSql",
    "objectType" : "DTEMPLATE",
    "path" : "/Explore/Target_Operations/advancedProperties",
    "metadata" : {
      "modelVersion" : {
        "major" : 0,
        "minor" : 0
      },
      "repoInfo" : {
        "repoHandle" : "0105X2170000000000KO"
      },
      "objectRefs" : [ "4ttj1XPAZ2Ejd1DD4G6fuY", "9yTRduPIxmdbSiINpdVFib" ],
      "contextAttributes" : [ {
        "name" : "id",
        "value" : "@1"
      } ],
      "additionalInfo" : {
        "description" : "",
        "contentType" : "JSON",
        "documentState" : "VALID"
      }
    }
  }, {
    "objectGuid" : "3voHkCtjjYjgpRmnnorRIv",
    "objectName" : "s3_insert_SF_parquet",
    "objectType" : "DTEMPLATE",
    "path" : "/Explore/Target_Operations/parquet",
    "metadata" : {
      "modelVersion" : {
        "major" : 0,
        "minor" : 0
      },
      "repoInfo" : {
        "repoHandle" : "0105X2170000000000JT"
      },
      "objectRefs" : [ "4ttj1XPAZ2Ejd1DD4G6fuY", "9yTRduPIxmdbSiINpdVFib" ],
      "contextAttributes" : [ {
        "name" : "id",
        "value" : "@1"
      } ],
      "additionalInfo" : {
        "description" : "",
        "contentType" : "JSON",
        "documentState" : "VALID"
      }
    }
  }, {
    "objectGuid" : "8aNXhstp5YyltG4LZbKVK7",
    "objectName" : "MultiPipeLine_passthrough",
    "objectType" : "MTT",
    "path" : "/Explore/Target_Operations/misc",
    "metadata" : {
      "modelVersion" : {
        "major" : 0,
        "minor" : 0
      },
      "repoInfo" : {
        "repoHandle" : "0105X20Z0000000000IX"
      },
      "objectRefs" : [ "4ttj1XPAZ2Ejd1DD4G6fuY", "3O70ApVW48lhTXEWt3HJ61", "3ln1RzmcPoKhYzVymbE9Gu", "9yTRduPIxmdbSiINpdVFib" ],
      "contextAttributes" : [ {
        "name" : "id",
        "value" : "@1"
      } ],
      "additionalInfo" : {
        "description" : "",
        "contentType" : "JSON",
        "documentState" : "VALID"
      }
    }
  }, {
    "objectGuid" : "gPNmXmGDdUHdVidl3vTLEG",
    "objectName" : "advancesProperty_S3_SF_preSql",
    "objectType" : "MTT",
    "path" : "/Explore/Target_Operations/advancedProperties",
    "metadata" : {
      "modelVersion" : {
        "major" : 0,
        "minor" : 0
      },
      "repoInfo" : {
        "repoHandle" : "0105X20Z0000000000J6"
      },
      "objectRefs" : [ "5kmRnGRGrU7h1QTwvsiXa7", "4ttj1XPAZ2Ejd1DD4G6fuY", "3O70ApVW48lhTXEWt3HJ61", "9yTRduPIxmdbSiINpdVFib" ],
      "contextAttributes" : [ {
        "name" : "id",
        "value" : "@1"
      } ],
      "additionalInfo" : {
        "description" : "",
        "contentType" : "JSON",
        "documentState" : "VALID"
      }
    }
  }, {
    "objectGuid" : "cEWQcghX1UqjbrvTJ6mGeC",
    "objectName" : "Mapping_Key_pair",
    "objectType" : "DTEMPLATE",
    "path" : "/Explore/Target_Operations",
    "metadata" : {
      "modelVersion" : {
        "major" : 0,
        "minor" : 0
      },
      "repoInfo" : {
        "repoHandle" : "0105X2170000000000RJ"
      },
      "objectRefs" : [ "4XBhwXB1NE1i97M2G3xFiL" ],
      "contextAttributes" : [ {
        "name" : "id",
        "value" : "@1"
      } ],
      "additionalInfo" : {
        "description" : "",
        "contentType" : "JSON",
        "documentState" : "VALID"
      }
    }
  }, {
    "objectGuid" : "9necatmNq8phWkhrRrPNmS",
    "objectName" : "s3_SF_insert_orc",
    "objectType" : "MTT",
    "path" : "/Explore/Target_Operations/orc",
    "metadata" : {
      "modelVersion" : {
        "major" : 0,
        "minor" : 0
      },
      "repoInfo" : {
        "repoHandle" : "0105X20Z0000000000HX"
      },
      "objectRefs" : [ "9ajREVfXREadIGdXHPV9YT", "4ttj1XPAZ2Ejd1DD4G6fuY", "3O70ApVW48lhTXEWt3HJ61", "9yTRduPIxmdbSiINpdVFib" ],
      "contextAttributes" : [ {
        "name" : "id",
        "value" : "@1"
      } ],
      "additionalInfo" : {
        "description" : "",
        "contentType" : "JSON",
        "documentState" : "VALID"
      }
    }
  }, {
    "objectGuid" : "b5poAyq21QHcFKI9y0bgwr",
    "objectName" : "MCT_SNOWFLAKE_PDO_INCOMING_PORT_SEQUENCE",
    "objectType" : "MTT",
    "path" : "/Explore/Target_Operations/automation",
    "metadata" : {
      "modelVersion" : {
        "major" : 0,
        "minor" : 0
      },
      "repoInfo" : {
        "repoHandle" : "0105X20Z0000000000OG"
      },
      "objectRefs" : [ "3O70ApVW48lhTXEWt3HJ61", "8MNhF4gyjlUlUN16ZAXN2b", "9yTRduPIxmdbSiINpdVFib" ],
      "contextAttributes" : [ {
        "name" : "id",
        "value" : "@1"
      } ],
      "additionalInfo" : {
        "description" : "",
        "contentType" : "JSON",
        "documentState" : "VALID"
      }
    }
  }, {
    "objectGuid" : "3jskqTk5O4DiU3gn1pPmEG",
    "objectName" : "multiPipeline_sameSource_diffTarget",
    "objectType" : "DTEMPLATE",
    "path" : "/Explore/Target_Operations/misc",
    "metadata" : {
      "modelVersion" : {
        "major" : 0,
        "minor" : 0
      },
      "repoInfo" : {
        "repoHandle" : "0105X2170000000000KJ"
      },
      "objectRefs" : [ "4ttj1XPAZ2Ejd1DD4G6fuY", "9yTRduPIxmdbSiINpdVFib" ],
      "contextAttributes" : [ {
        "name" : "id",
        "value" : "@1"
      } ],
      "additionalInfo" : {
        "description" : "",
        "contentType" : "JSON",
        "documentState" : "VALID"
      }
    }
  }, {
    "objectGuid" : "1r8vA1EjOUDlRkBVo020at",
    "objectName" : "Mapping_gcs_Sq_SF",
    "objectType" : "DTEMPLATE",
    "path" : "/Explore/Target_Operations",
    "metadata" : {
      "modelVersion" : {
        "major" : 0,
        "minor" : 0
      },
      "repoInfo" : {
        "repoHandle" : "0105X2170000000000RP"
      },
      "objectRefs" : [ "bx9Q0a9nNCokTmbuKhfQWt", "9yTRduPIxmdbSiINpdVFib" ],
      "contextAttributes" : [ {
        "name" : "id",
        "value" : "@1"
      } ],
      "additionalInfo" : {
        "description" : "",
        "contentType" : "JSON",
        "documentState" : "VALID"
      }
    }
  }, {
    "objectGuid" : "5PRc86o8QIRhzBUw18VXIM",
    "objectName" : "MappingTask_Snowflake1_SharedSequence_Gen - Insert_Mult_Seq_SameTgt",
    "objectType" : "MTT",
    "path" : "/Explore/Target_Operations",
    "metadata" : {
      "modelVersion" : {
        "major" : 0,
        "minor" : 0
      },
      "repoInfo" : {
        "repoHandle" : "0105X20Z0000000000SY"
      },
      "objectRefs" : [ "3O70ApVW48lhTXEWt3HJ61", "8F7Q59I9a4AbGwwyHZXaKd", "9yTRduPIxmdbSiINpdVFib" ],
      "contextAttributes" : [ {
        "name" : "id",
        "value" : "@1"
      } ],
      "additionalInfo" : {
        "description" : "",
        "contentType" : "JSON",
        "documentState" : "VALID"
      }
    }
  }, {
    "objectGuid" : "aw83UEwb9iWg0PtOOFkqEt",
    "objectName" : "MCT_Snowflake_To_Snowflake_Seq_Gen_Insert_Cycle_Enabled_Reset",
    "objectType" : "MTT",
    "path" : "/Explore/Target_Operations",
    "metadata" : {
      "modelVersion" : {
        "major" : 0,
        "minor" : 0
      },
      "repoInfo" : {
        "repoHandle" : "0105X20Z0000000000SR"
      },
      "objectRefs" : [ "6GqmRcHfHLFeyJpObdPOKx", "3O70ApVW48lhTXEWt3HJ61", "9yTRduPIxmdbSiINpdVFib" ],
      "contextAttributes" : [ {
        "name" : "id",
        "value" : "@1"
      } ],
      "additionalInfo" : {
        "description" : "",
        "contentType" : "JSON",
        "documentState" : "VALID"
      }
    }
  }, {
    "objectGuid" : "bDZRqRaxqQtcQvlFeYQF49",
    "objectName" : "MCT_Snowflake_To_Snowflake_Seq_Gen_Insert_Max_IncBy_NoReset",
    "objectType" : "MTT",
    "path" : "/Explore/Target_Operations",
    "metadata" : {
      "modelVersion" : {
        "major" : 0,
        "minor" : 0
      },
      "repoInfo" : {
        "repoHandle" : "0105X20Z0000000000SU"
      },
      "objectRefs" : [ "2Cx5iobU71ChRVkZZxMTYv", "3O70ApVW48lhTXEWt3HJ61", "9yTRduPIxmdbSiINpdVFib" ],
      "contextAttributes" : [ {
        "name" : "id",
        "value" : "@1"
      } ],
      "additionalInfo" : {
        "description" : "",
        "contentType" : "JSON",
        "documentState" : "VALID"
      }
    }
  }, {
    "objectGuid" : "d75ncR6WNwKky8EHiGaKkQ",
    "objectName" : "Serverless_manja_new",
    "objectType" : "AgentGroup",
    "path" : "/SYS",
    "metadata" : {
      "modelVersion" : {
        "major" : 0,
        "minor" : 0
      },
      "repoInfo" : {
        "repoHandle" : "0105X22500000000000D"
      },
      "objectRefs" : [ ],
      "contextAttributes" : [ {
        "name" : "id",
        "value" : "@1"
      } ],
      "additionalInfo" : {
        "description" : "Serverless_manja_new",
        "contentType" : "JSON",
        "documentState" : "VALID"
      }
    }
  }, {
    "objectGuid" : "bx9Q0a9nNCokTmbuKhfQWt",
    "objectName" : "google_storage",
    "objectType" : "Connection",
    "path" : "/SYS",
    "metadata" : {
      "modelVersion" : {
        "major" : 0,
        "minor" : 0
      },
      "repoInfo" : {
        "repoHandle" : "0105X20B00000000001Z"
      },
      "objectRefs" : [ "buR1GEFo9snjeAH9ySrbg0" ],
      "contextAttributes" : [ {
        "name" : "id",
        "value" : "@1"
      } ],
      "additionalInfo" : {
        "description" : null,
        "contentType" : "JSON",
        "documentState" : "COMPLETE"
      }
    }
  }, {
    "objectGuid" : "cVa5mEiQIEUd2iBv6oajCT",
    "objectName" : "advancesProperty_S3_SF_database_warehouse_schema_table",
    "objectType" : "MTT",
    "path" : "/Explore/Target_Operations/advancedProperties",
    "metadata" : {
      "modelVersion" : {
        "major" : 0,
        "minor" : 0
      },
      "repoInfo" : {
        "repoHandle" : "0105X20Z0000000000J4"
      },
      "objectRefs" : [ "aY7BbK0472XdoTPcREf3Um", "4ttj1XPAZ2Ejd1DD4G6fuY", "3O70ApVW48lhTXEWt3HJ61", "9yTRduPIxmdbSiINpdVFib" ],
      "contextAttributes" : [ {
        "name" : "id",
        "value" : "@1"
      } ],
      "additionalInfo" : {
        "description" : "",
        "contentType" : "JSON",
        "documentState" : "VALID"
      }
    }
  }, {
    "objectGuid" : "5vEkpaDSPIycMPinqDu9kZ",
    "objectName" : "s3_delete",
    "objectType" : "DTEMPLATE",
    "path" : "/Explore/Target_Operations/csv",
    "metadata" : {
      "modelVersion" : {
        "major" : 0,
        "minor" : 0
      },
      "repoInfo" : {
        "repoHandle" : "0105X2170000000000J7"
      },
      "objectRefs" : [ "4ttj1XPAZ2Ejd1DD4G6fuY", "9yTRduPIxmdbSiINpdVFib" ],
      "contextAttributes" : [ {
        "name" : "id",
        "value" : "@1"
      } ],
      "additionalInfo" : {
        "description" : "",
        "contentType" : "JSON",
        "documentState" : "VALID"
      }
    }
  }, {
    "objectGuid" : "8VEicIcJN5JeFhRG2LJxef",
    "objectName" : "S3_SF_Role",
    "objectType" : "MTT",
    "path" : "/Explore/Target_Operations/advancedProperties",
    "metadata" : {
      "modelVersion" : {
        "major" : 0,
        "minor" : 0
      },
      "repoInfo" : {
        "repoHandle" : "0105X20Z0000000000JA"
      },
      "objectRefs" : [ "4ttj1XPAZ2Ejd1DD4G6fuY", "3O70ApVW48lhTXEWt3HJ61", "afAPahCpxDkex9wlTAf6Eq", "9yTRduPIxmdbSiINpdVFib" ],
      "contextAttributes" : [ {
        "name" : "id",
        "value" : "@1"
      } ],
      "additionalInfo" : {
        "description" : "",
        "contentType" : "JSON",
        "documentState" : "VALID"
      }
    }
  }, {
    "objectGuid" : "381qbkFCQmvd0PRnQ3N4yp",
    "objectName" : "SF_SF_Upsert_Upsert",
    "objectType" : "DTEMPLATE",
    "path" : "/Explore/Target_Operations/advancedProperties",
    "metadata" : {
      "modelVersion" : {
        "major" : 0,
        "minor" : 0
      },
      "repoInfo" : {
        "repoHandle" : "0105X2170000000000LF"
      },
      "objectRefs" : [ "9yTRduPIxmdbSiINpdVFib" ],
      "contextAttributes" : [ {
        "name" : "id",
        "value" : "@1"
      } ],
      "additionalInfo" : {
        "description" : "",
        "contentType" : "JSON",
        "documentState" : "VALID"
      }
    }
  }, {
    "objectGuid" : "9ajREVfXREadIGdXHPV9YT",
    "objectName" : "s3_insert_orc",
    "objectType" : "DTEMPLATE",
    "path" : "/Explore/Target_Operations/orc",
    "metadata" : {
      "modelVersion" : {
        "major" : 0,
        "minor" : 0
      },
      "repoInfo" : {
        "repoHandle" : "0105X2170000000000J3"
      },
      "objectRefs" : [ "4ttj1XPAZ2Ejd1DD4G6fuY", "9yTRduPIxmdbSiINpdVFib" ],
      "contextAttributes" : [ {
        "name" : "id",
        "value" : "@1"
      } ],
      "additionalInfo" : {
        "description" : "",
        "contentType" : "JSON",
        "documentState" : "VALID"
      }
    }
  }, {
    "objectGuid" : "7280mZWNruViZyWEd5sX4R",
    "objectName" : "MappingTask_Snowflake1_with_Filter",
    "objectType" : "MTT",
    "path" : "/Explore/Target_Operations",
    "metadata" : {
      "modelVersion" : {
        "major" : 0,
        "minor" : 0
      },
      "repoInfo" : {
        "repoHandle" : "0105X20Z0000000000SJ"
      },
      "objectRefs" : [ "66o8UuKdF6cfAejWj3qYEM", "3O70ApVW48lhTXEWt3HJ61", "9yTRduPIxmdbSiINpdVFib" ],
      "contextAttributes" : [ {
        "name" : "id",
        "value" : "@1"
      } ],
      "additionalInfo" : {
        "description" : "",
        "contentType" : "JSON",
        "documentState" : "VALID"
      }
    }
  }, {
    "objectGuid" : "8FOEFUqyz2He6W3f36IN4y",
    "objectName" : "m_Snowflake_To_Snowflake_Seq_Gen_Insert_Mult_Seq_MultTargets",
    "objectType" : "DTEMPLATE",
    "path" : "/Explore/Target_Operations",
    "metadata" : {
      "modelVersion" : {
        "major" : 0,
        "minor" : 0
      },
      "repoInfo" : {
        "repoHandle" : "0105X2170000000000RN"
      },
      "objectRefs" : [ "9yTRduPIxmdbSiINpdVFib" ],
      "contextAttributes" : [ {
        "name" : "id",
        "value" : "@1"
      } ],
      "additionalInfo" : {
        "description" : "",
        "contentType" : "JSON",
        "documentState" : "VALID"
      }
    }
  }, {
    "objectGuid" : "0biolYRBwE3krqzZo9VPUj",
    "objectName" : "s3_exp_SF_upsert_orc",
    "objectType" : "DTEMPLATE",
    "path" : "/Explore/Target_Operations/orc",
    "metadata" : {
      "modelVersion" : {
        "major" : 0,
        "minor" : 0
      },
      "repoInfo" : {
        "repoHandle" : "0105X2170000000000JF"
      },
      "objectRefs" : [ "4ttj1XPAZ2Ejd1DD4G6fuY", "9yTRduPIxmdbSiINpdVFib" ],
      "contextAttributes" : [ {
        "name" : "id",
        "value" : "@1"
      } ],
      "additionalInfo" : {
        "description" : "",
        "contentType" : "JSON",
        "documentState" : "VALID"
      }
    }
  }, {
    "objectGuid" : "abB21DXhkEkiDNOnwO9uuv",
    "objectName" : "MultiPipeLine_s3_update_upsert_SF_exp_parquet",
    "objectType" : "DTEMPLATE",
    "path" : "/Explore/Target_Operations/misc",
    "metadata" : {
      "modelVersion" : {
        "major" : 0,
        "minor" : 0
      },
      "repoInfo" : {
        "repoHandle" : "0105X2170000000000K7"
      },
      "objectRefs" : [ "4ttj1XPAZ2Ejd1DD4G6fuY", "9yTRduPIxmdbSiINpdVFib" ],
      "contextAttributes" : [ {
        "name" : "id",
        "value" : "@1"
      } ],
      "additionalInfo" : {
        "description" : "",
        "contentType" : "JSON",
        "documentState" : "VALID"
      }
    }
  }, {
    "objectGuid" : "3BJbkjdw1j0haOC3thqiax",
    "objectName" : "m_Snowflake_To_Snowflake_Seq_Gen_NoReset_KeyPair_Auth",
    "objectType" : "DTEMPLATE",
    "path" : "/Explore/Target_Operations",
    "metadata" : {
      "modelVersion" : {
        "major" : 0,
        "minor" : 0
      },
      "repoInfo" : {
        "repoHandle" : "0105X2170000000000RQ"
      },
      "objectRefs" : [ "4XBhwXB1NE1i97M2G3xFiL", "9yTRduPIxmdbSiINpdVFib" ],
      "contextAttributes" : [ {
        "name" : "id",
        "value" : "@1"
      } ],
      "additionalInfo" : {
        "description" : "",
        "contentType" : "JSON",
        "documentState" : "VALID"
      }
    }
  }, {
    "objectGuid" : "5ylaB3EUu6ql6yrk0N7raL",
    "objectName" : "Mapping_multiTar - Copy 1",
    "objectType" : "DTEMPLATE",
    "path" : "/Explore/Target_Operations/PDO_Advance",
    "metadata" : {
      "modelVersion" : {
        "major" : 0,
        "minor" : 0
      },
      "repoInfo" : {
        "repoHandle" : "0105X2170000000000LE"
      },
      "objectRefs" : [ "4ttj1XPAZ2Ejd1DD4G6fuY", "9yTRduPIxmdbSiINpdVFib" ],
      "contextAttributes" : [ {
        "name" : "id",
        "value" : "@1"
      } ],
      "additionalInfo" : {
        "description" : "",
        "contentType" : "JSON",
        "documentState" : "VALID"
      }
    }
  }, {
    "objectGuid" : "lXBKZZK89QTgqXKfnqxrSF",
    "objectName" : "s3_DD_SF_exp_parquet",
    "objectType" : "DTEMPLATE",
    "path" : "/Explore/Target_Operations/parquet",
    "metadata" : {
      "modelVersion" : {
        "major" : 0,
        "minor" : 0
      },
      "repoInfo" : {
        "repoHandle" : "0105X2170000000000K4"
      },
      "objectRefs" : [ "4ttj1XPAZ2Ejd1DD4G6fuY", "9yTRduPIxmdbSiINpdVFib" ],
      "contextAttributes" : [ {
        "name" : "id",
        "value" : "@1"
      } ],
      "additionalInfo" : {
        "description" : "",
        "contentType" : "JSON",
        "documentState" : "VALID"
      }
    }
  }, {
    "objectGuid" : "8iSlLH6yWoXjDcprPnCSY5",
    "objectName" : "avro",
    "objectType" : "Folder",
    "path" : "/Explore/Target_Operations",
    "metadata" : {
      "modelVersion" : {
        "major" : 0,
        "minor" : 0
      },
      "repoInfo" : null,
      "objectRefs" : [ ],
      "contextAttributes" : [ ],
      "additionalInfo" : {
        "description" : "",
        "contentType" : "Binary",
        "documentState" : "COMPLETE"
      }
    }
  }, {
    "objectGuid" : "baNOQpshbUwh1CpHYgYKey",
    "objectName" : "MultiPipeLine_sameSource_DiffTarget",
    "objectType" : "MTT",
    "path" : "/Explore/Target_Operations/misc",
    "metadata" : {
      "modelVersion" : {
        "major" : 0,
        "minor" : 0
      },
      "repoInfo" : {
        "repoHandle" : "0105X20Z0000000000J0"
      },
      "objectRefs" : [ "4ttj1XPAZ2Ejd1DD4G6fuY", "3jskqTk5O4DiU3gn1pPmEG", "3O70ApVW48lhTXEWt3HJ61", "9yTRduPIxmdbSiINpdVFib" ],
      "contextAttributes" : [ {
        "name" : "id",
        "value" : "@1"
      } ],
      "additionalInfo" : {
        "description" : "",
        "contentType" : "JSON",
        "documentState" : "VALID"
      }
    }
  }, {
    "objectGuid" : "eJnSUor0I2hlSm9rUK3C2E",
    "objectName" : "s3_insert",
    "objectType" : "DTEMPLATE",
    "path" : "/Explore/Target_Operations/csv",
    "metadata" : {
      "modelVersion" : {
        "major" : 0,
        "minor" : 0
      },
      "repoInfo" : {
        "repoHandle" : "0105X2170000000000JA"
      },
      "objectRefs" : [ "4ttj1XPAZ2Ejd1DD4G6fuY", "7tOcbOoOdZLlCqDXtDt7o2" ],
      "contextAttributes" : [ {
        "name" : "id",
        "value" : "@1"
      } ],
      "additionalInfo" : {
        "description" : "",
        "contentType" : "JSON",
        "documentState" : "VALID"
      }
    }
  }, {
    "objectGuid" : "7KeOF7bJ8HSk7ne6oZQt4Q",
    "objectName" : "MappingTask_Snowflake1_with_lookup",
    "objectType" : "MTT",
    "path" : "/Explore/Target_Operations",
    "metadata" : {
      "modelVersion" : {
        "major" : 0,
        "minor" : 0
      },
      "repoInfo" : {
        "repoHandle" : "0105X20Z0000000000SW"
      },
      "objectRefs" : [ "3O70ApVW48lhTXEWt3HJ61", "1avGuSBPhOsiknGFqQDauf", "9yTRduPIxmdbSiINpdVFib" ],
      "contextAttributes" : [ {
        "name" : "id",
        "value" : "@1"
      } ],
      "additionalInfo" : {
        "description" : "",
        "contentType" : "JSON",
        "documentState" : "VALID"
      }
    }
  }, {
    "objectGuid" : "00Swenph9gVjCDKNFzfJix",
    "objectName" : "advancesProperty_S3_SF_batchSize",
    "objectType" : "MTT",
    "path" : "/Explore/Target_Operations/advancedProperties",
    "metadata" : {
      "modelVersion" : {
        "major" : 0,
        "minor" : 0
      },
      "repoInfo" : {
        "repoHandle" : "0105X20Z0000000000J5"
      },
      "objectRefs" : [ "ceSnS5hHgyIdcvaYT4doWy", "4ttj1XPAZ2Ejd1DD4G6fuY", "3O70ApVW48lhTXEWt3HJ61", "9yTRduPIxmdbSiINpdVFib" ],
      "contextAttributes" : [ {
        "name" : "id",
        "value" : "@1"
      } ],
      "additionalInfo" : {
        "description" : "",
        "contentType" : "JSON",
        "documentState" : "VALID"
      }
    }
  }, {
    "objectGuid" : "2qq9OB7KgUai4y6y7FeUgn",
    "objectName" : "MappingTask_Snowflake1_SharedSequence_Gen - MultiSeq_MultiTarget",
    "objectType" : "MTT",
    "path" : "/Explore/Target_Operations",
    "metadata" : {
      "modelVersion" : {
        "major" : 0,
        "minor" : 0
      },
      "repoInfo" : {
        "repoHandle" : "0105X20Z0000000000SH"
      },
      "objectRefs" : [ "8FOEFUqyz2He6W3f36IN4y", "3O70ApVW48lhTXEWt3HJ61", "9yTRduPIxmdbSiINpdVFib" ],
      "contextAttributes" : [ {
        "name" : "id",
        "value" : "@1"
      } ],
      "additionalInfo" : {
        "description" : "",
        "contentType" : "JSON",
        "documentState" : "VALID"
      }
    }
  }, {
    "objectGuid" : "faEezuLo7K8ioSQzogagk7",
    "objectName" : "Source2_Target1_S3_exp_SF_CSV",
    "objectType" : "DTEMPLATE",
    "path" : "/Explore/Target_Operations/misc",
    "metadata" : {
      "modelVersion" : {
        "major" : 0,
        "minor" : 0
      },
      "repoInfo" : {
        "repoHandle" : "0105X2170000000000KI"
      },
      "objectRefs" : [ "4ttj1XPAZ2Ejd1DD4G6fuY", "9yTRduPIxmdbSiINpdVFib" ],
      "contextAttributes" : [ {
        "name" : "id",
        "value" : "@1"
      } ],
      "additionalInfo" : {
        "description" : "",
        "contentType" : "JSON",
        "documentState" : "INVALID"
      }
    }
  }, {
    "objectGuid" : "4XBhwXB1NE1i97M2G3xFiL",
    "objectName" : "snowflake_keypair",
    "objectType" : "Connection",
    "path" : "/SYS",
    "metadata" : {
      "modelVersion" : {
        "major" : 0,
        "minor" : 0
      },
      "repoInfo" : {
        "repoHandle" : "0105X20B00000000003V"
      },
      "objectRefs" : [ "buR1GEFo9snjeAH9ySrbg0" ],
      "contextAttributes" : [ {
        "name" : "id",
        "value" : "@1"
      } ],
      "additionalInfo" : {
        "description" : null,
        "contentType" : "JSON",
        "documentState" : "COMPLETE"
      }
    }
  }, {
    "objectGuid" : "932UxGkMy3ZiihuDIDevYr",
    "objectName" : "advancedProperties",
    "objectType" : "Folder",
    "path" : "/Explore/Target_Operations",
    "metadata" : {
      "modelVersion" : {
        "major" : 0,
        "minor" : 0
      },
      "repoInfo" : null,
      "objectRefs" : [ ],
      "contextAttributes" : [ ],
      "additionalInfo" : {
        "description" : "",
        "contentType" : "Binary",
        "documentState" : "COMPLETE"
      }
    }
  }, {
    "objectGuid" : "9ExHGQCY6zifMC1GamyfmK",
    "objectName" : "m_Filter_Joiner_aggregator_Seq_Tran",
    "objectType" : "DTEMPLATE",
    "path" : "/Explore/Target_Operations",
    "metadata" : {
      "modelVersion" : {
        "major" : 0,
        "minor" : 0
      },
      "repoInfo" : {
        "repoHandle" : "0105X2170000000000RK"
      },
      "objectRefs" : [ "9yTRduPIxmdbSiINpdVFib" ],
      "contextAttributes" : [ {
        "name" : "id",
        "value" : "@1"
      } ],
      "additionalInfo" : {
        "description" : "",
        "contentType" : "JSON",
        "documentState" : "VALID"
      }
    }
  }, {
    "objectGuid" : "a3yWlT31Z9ob9usEf8TeOw",
    "objectName" : "s3_dd_SF_parquet",
    "objectType" : "MTT",
    "path" : "/Explore/Target_Operations/parquet",
    "metadata" : {
      "modelVersion" : {
        "major" : 0,
        "minor" : 0
      },
      "repoInfo" : {
        "repoHandle" : "0105X20Z0000000000IJ"
      },
      "objectRefs" : [ "lXBKZZK89QTgqXKfnqxrSF", "4ttj1XPAZ2Ejd1DD4G6fuY", "3O70ApVW48lhTXEWt3HJ61", "9yTRduPIxmdbSiINpdVFib" ],
      "contextAttributes" : [ {
        "name" : "id",
        "value" : "@1"
      } ],
      "additionalInfo" : {
        "description" : "",
        "contentType" : "JSON",
        "documentState" : "VALID"
      }
    }
  }, {
    "objectGuid" : "63WID2mOhKbkv8Y1ruykcs",
    "objectName" : "s3_SF_update_upsert_joiner_avro",
    "objectType" : "DTEMPLATE",
    "path" : "/Explore/Target_Operations/avro",
    "metadata" : {
      "modelVersion" : {
        "major" : 0,
        "minor" : 0
      },
      "repoInfo" : {
        "repoHandle" : "0105X2170000000000JM"
      },
      "objectRefs" : [ "4ttj1XPAZ2Ejd1DD4G6fuY", "9yTRduPIxmdbSiINpdVFib" ],
      "contextAttributes" : [ {
        "name" : "id",
        "value" : "@1"
      } ],
      "additionalInfo" : {
        "description" : "",
        "contentType" : "JSON",
        "documentState" : "VALID"
      }
    }
  }, {
    "objectGuid" : "gswWoXoC8Std1DY1vxoWU9",
    "objectName" : "Target_Operations",
    "objectType" : "Project",
    "path" : "/Explore",
    "metadata" : {
      "modelVersion" : {
        "major" : 0,
        "minor" : 0
      },
      "repoInfo" : null,
      "objectRefs" : [ ],
      "contextAttributes" : [ ],
      "additionalInfo" : {
        "description" : "",
        "contentType" : "Binary",
        "documentState" : "COMPLETE"
      }
    }
  }, {
    "objectGuid" : "fR1jXLqml8fivcEc65dA8v",
    "objectName" : "MultiPipeLine_samsSource_sameTarget_passthrough",
    "objectType" : "MTT",
    "path" : "/Explore/Target_Operations/misc",
    "metadata" : {
      "modelVersion" : {
        "major" : 0,
        "minor" : 0
      },
      "repoInfo" : {
        "repoHandle" : "0105X20Z0000000000J2"
      },
      "objectRefs" : [ "4ttj1XPAZ2Ejd1DD4G6fuY", "3O70ApVW48lhTXEWt3HJ61", "9BbR1GzpblefzsxTR0jzk7", "9yTRduPIxmdbSiINpdVFib" ],
      "contextAttributes" : [ {
        "name" : "id",
        "value" : "@1"
      } ],
      "additionalInfo" : {
        "description" : "",
        "contentType" : "JSON",
        "documentState" : "VALID"
      }
    }
  }, {
    "objectGuid" : "550XWREc9S7i1PPVIra3GB",
    "objectName" : "multiPipeLine_S3_exp_SF_CSV - Copy 1",
    "objectType" : "MTT",
    "path" : "/Explore/Target_Operations/misc",
    "metadata" : {
      "modelVersion" : {
        "major" : 0,
        "minor" : 0
      },
      "repoInfo" : {
        "repoHandle" : "0105X20Z0000000000IZ"
      },
      "objectRefs" : [ "4ttj1XPAZ2Ejd1DD4G6fuY", "faEezuLo7K8ioSQzogagk7", "3O70ApVW48lhTXEWt3HJ61", "9yTRduPIxmdbSiINpdVFib" ],
      "contextAttributes" : [ {
        "name" : "id",
        "value" : "@1"
      } ],
      "additionalInfo" : {
        "description" : "",
        "contentType" : null,
        "documentState" : "VALID"
      }
    }
  }, {
    "objectGuid" : "7LCX4Uqmj6Gj4wcvKdqMe5",
    "objectName" : "s3_SF_inert_avro",
    "objectType" : "DTEMPLATE",
    "path" : "/Explore/Target_Operations/avro",
    "metadata" : {
      "modelVersion" : {
        "major" : 0,
        "minor" : 0
      },
      "repoInfo" : {
        "repoHandle" : "0105X2170000000000JG"
      },
      "objectRefs" : [ "4ttj1XPAZ2Ejd1DD4G6fuY", "9yTRduPIxmdbSiINpdVFib" ],
      "contextAttributes" : [ {
        "name" : "id",
        "value" : "@1"
      } ],
      "additionalInfo" : {
        "description" : "",
        "contentType" : "JSON",
        "documentState" : "VALID"
      }
    }
  }, {
    "objectGuid" : "0cgiAblhsuEgU2F9lsPIIV",
    "objectName" : "snowFlake_MapNxtVal_To_X",
    "objectType" : "DTEMPLATE",
    "path" : "/Explore/Target_Operations",
    "metadata" : {
      "modelVersion" : {
        "major" : 0,
        "minor" : 0
      },
      "repoInfo" : {
        "repoHandle" : "0105X2170000000000RB"
      },
      "objectRefs" : [ "9yTRduPIxmdbSiINpdVFib" ],
      "contextAttributes" : [ {
        "name" : "id",
        "value" : "@1"
      } ],
      "additionalInfo" : {
        "description" : "",
        "contentType" : "JSON",
        "documentState" : "VALID"
      }
    }
  }, {
    "objectGuid" : "41d8N4OOOzbl5Gu1AJLOiO",
    "objectName" : "multiPipeline_diffSource_sameTarget",
    "objectType" : "DTEMPLATE",
    "path" : "/Explore/Target_Operations/misc",
    "metadata" : {
      "modelVersion" : {
        "major" : 0,
        "minor" : 0
      },
      "repoInfo" : {
        "repoHandle" : "0105X2170000000000KK"
      },
      "objectRefs" : [ "4ttj1XPAZ2Ejd1DD4G6fuY", "9yTRduPIxmdbSiINpdVFib" ],
      "contextAttributes" : [ {
        "name" : "id",
        "value" : "@1"
      } ],
      "additionalInfo" : {
        "description" : "",
        "contentType" : "JSON",
        "documentState" : "VALID"
      }
    }
  }, {
    "objectGuid" : "0DRTITNPjSukitAdL2fByR",
    "objectName" : "MappingTask_multiTx",
    "objectType" : "MTT",
    "path" : "/Explore/Target_Operations/PDO_Advance",
    "metadata" : {
      "modelVersion" : {
        "major" : 0,
        "minor" : 0
      },
      "repoInfo" : {
        "repoHandle" : "0105X20Z0000000000JS"
      },
      "objectRefs" : [ "6SqyPUcPD51i9Dk5yEdlUY", "4ttj1XPAZ2Ejd1DD4G6fuY", "3O70ApVW48lhTXEWt3HJ61", "9yTRduPIxmdbSiINpdVFib" ],
      "contextAttributes" : [ {
        "name" : "id",
        "value" : "@1"
      } ],
      "additionalInfo" : {
        "description" : "",
        "contentType" : "JSON",
        "documentState" : "VALID"
      }
    }
  }, {
    "objectGuid" : "22zaXLZHLGedKB7rvoHc43",
    "objectName" : "advancesProperty_S3_SF_postSql",
    "objectType" : "DTEMPLATE",
    "path" : "/Explore/Target_Operations/advancedProperties",
    "metadata" : {
      "modelVersion" : {
        "major" : 0,
        "minor" : 0
      },
      "repoInfo" : {
        "repoHandle" : "0105X2170000000000KP"
      },
      "objectRefs" : [ "4ttj1XPAZ2Ejd1DD4G6fuY", "9yTRduPIxmdbSiINpdVFib" ],
      "contextAttributes" : [ {
        "name" : "id",
        "value" : "@1"
      } ],
      "additionalInfo" : {
        "description" : "",
        "contentType" : "JSON",
        "documentState" : "VALID"
      }
    }
  }, {
    "objectGuid" : "deMHtVsHWKpjRKR5EpwvYe",
    "objectName" : "s3_update_upsert_SF_filter_parquet",
    "objectType" : "MTT",
    "path" : "/Explore/Target_Operations/parquet",
    "metadata" : {
      "modelVersion" : {
        "major" : 0,
        "minor" : 0
      },
      "repoInfo" : {
        "repoHandle" : "0105X20Z0000000000IH"
      },
      "objectRefs" : [ "4ttj1XPAZ2Ejd1DD4G6fuY", "1LAAdhdcZeXh0Xp8X5sNgw", "3O70ApVW48lhTXEWt3HJ61", "9yTRduPIxmdbSiINpdVFib" ],
      "contextAttributes" : [ {
        "name" : "id",
        "value" : "@1"
      } ],
      "additionalInfo" : {
        "description" : "",
        "contentType" : "JSON",
        "documentState" : "VALID"
      }
    }
  }, {
    "objectGuid" : "axDScupV8Y6dfpYDiVMfS8",
    "objectName" : "allTx_S3_SF",
    "objectType" : "DTEMPLATE",
    "path" : "/Explore/Target_Operations/misc",
    "metadata" : {
      "modelVersion" : {
        "major" : 0,
        "minor" : 0
      },
      "repoInfo" : {
        "repoHandle" : "0105X2170000000000KX"
      },
      "objectRefs" : [ "4ttj1XPAZ2Ejd1DD4G6fuY" ],
      "contextAttributes" : [ {
        "name" : "id",
        "value" : "@1"
      } ],
      "additionalInfo" : {
        "description" : "",
        "contentType" : "JSON",
        "documentState" : "INVALID"
      }
    }
  }, {
    "objectGuid" : "dWTNCqfuqsYlfEAwdd88Sf",
    "objectName" : "MappingTask_Snowflake1_with_ip _agg",
    "objectType" : "MTT",
    "path" : "/Explore/Target_Operations",
    "metadata" : {
      "modelVersion" : {
        "major" : 0,
        "minor" : 0
      },
      "repoInfo" : {
        "repoHandle" : "0105X20Z0000000000SM"
      },
      "objectRefs" : [ "3O70ApVW48lhTXEWt3HJ61", "aP4dpPgwyw9kDbBPTMxqm5", "9yTRduPIxmdbSiINpdVFib" ],
      "contextAttributes" : [ {
        "name" : "id",
        "value" : "@1"
      } ],
      "additionalInfo" : {
        "description" : "",
        "contentType" : "JSON",
        "documentState" : "VALID"
      }
    }
  }, {
    "objectGuid" : "afAPahCpxDkex9wlTAf6Eq",
    "objectName" : "advancesProperty_S3_SF_role",
    "objectType" : "DTEMPLATE",
    "path" : "/Explore/Target_Operations/advancedProperties",
    "metadata" : {
      "modelVersion" : {
        "major" : 0,
        "minor" : 0
      },
      "repoInfo" : {
        "repoHandle" : "0105X2170000000000KS"
      },
      "objectRefs" : [ "4ttj1XPAZ2Ejd1DD4G6fuY", "9yTRduPIxmdbSiINpdVFib" ],
      "contextAttributes" : [ {
        "name" : "id",
        "value" : "@1"
      } ],
      "additionalInfo" : {
        "description" : "",
        "contentType" : "JSON",
        "documentState" : "VALID"
      }
    }
  }, {
    "objectGuid" : "3ln1RzmcPoKhYzVymbE9Gu",
    "objectName" : "multiPipeLine_PassThrough",
    "objectType" : "DTEMPLATE",
    "path" : "/Explore/Target_Operations/misc",
    "metadata" : {
      "modelVersion" : {
        "major" : 0,
        "minor" : 0
      },
      "repoInfo" : {
        "repoHandle" : "0105X2170000000000KG"
      },
      "objectRefs" : [ "4ttj1XPAZ2Ejd1DD4G6fuY", "9yTRduPIxmdbSiINpdVFib" ],
      "contextAttributes" : [ {
        "name" : "id",
        "value" : "@1"
      } ],
      "additionalInfo" : {
        "description" : "",
        "contentType" : "JSON",
        "documentState" : "VALID"
      }
    }
  }, {
    "objectGuid" : "gNrI8tsKeE6gBDi3FjTuOi",
    "objectName" : "snowFlake_with_ip_joiner",
    "objectType" : "DTEMPLATE",
    "path" : "/Explore/Target_Operations",
    "metadata" : {
      "modelVersion" : {
        "major" : 0,
        "minor" : 0
      },
      "repoInfo" : {
        "repoHandle" : "0105X2170000000000RF"
      },
      "objectRefs" : [ "9yTRduPIxmdbSiINpdVFib" ],
      "contextAttributes" : [ {
        "name" : "id",
        "value" : "@1"
      } ],
      "additionalInfo" : {
        "description" : "",
        "contentType" : "JSON",
        "documentState" : "VALID"
      }
    }
  }, {
    "objectGuid" : "hxct6McHMw4hcj23OedBuu",
    "objectName" : "S3_update_upsert_SF_joiner_avro",
    "objectType" : "MTT",
    "path" : "/Explore/Target_Operations/avro",
    "metadata" : {
      "modelVersion" : {
        "major" : 0,
        "minor" : 0
      },
      "repoInfo" : {
        "repoHandle" : "0105X20Z0000000000I4"
      },
      "objectRefs" : [ "4ttj1XPAZ2Ejd1DD4G6fuY", "3O70ApVW48lhTXEWt3HJ61", "9yTRduPIxmdbSiINpdVFib", "63WID2mOhKbkv8Y1ruykcs" ],
      "contextAttributes" : [ {
        "name" : "id",
        "value" : "@1"
      } ],
      "additionalInfo" : {
        "description" : "",
        "contentType" : "JSON",
        "documentState" : "VALID"
      }
    }
  }, {
    "objectGuid" : "6HPyt17Iv5re6sqfggTmaZ",
    "objectName" : "m_Snowflake_To_Snowflake_Seq_Gen_TargetOverwrite",
    "objectType" : "DTEMPLATE",
    "path" : "/Explore/Target_Operations",
    "metadata" : {
      "modelVersion" : {
        "major" : 0,
        "minor" : 0
      },
      "repoInfo" : {
        "repoHandle" : "0105X2170000000000RI"
      },
      "objectRefs" : [ "9yTRduPIxmdbSiINpdVFib" ],
      "contextAttributes" : [ {
        "name" : "id",
        "value" : "@1"
      } ],
      "additionalInfo" : {
        "description" : "",
        "contentType" : "JSON",
        "documentState" : "VALID"
      }
    }
  } ]
}